Handle,Title,Body (HTML),Vendor,Type,Tags,Published,Option1 Name,Option1 Value,Option2 Name,Option2 Value,Option3 Name,Option3 Value,Variant SKU,Variant Grams,Variant Inventory Tracker,Variant Inventory Qty,Variant Inventory Policy,Variant Fulfillment Service,Variant Price,Variant Compare At Price,Variant Requires Shipping,Variant Taxable,Variant Barcode,Image Src,Image Alt Text,Gift Card,SEO Title,SEO Description,Google Shopping / Google Product Category,Google Shopping / Gender,Google Shopping / Age Group,Google Shopping / MPN,Google Shopping / AdWords Grouping,Google Shopping / AdWords Labels,Google Shopping / Condition,Google Shopping / Custom Product,Google Shopping / Custom Label 0,Google Shopping / Custom Label 1,Google Shopping / Custom Label 2,Google Shopping / Custom Label 3,Google Shopping / Custom Label 4,Variant Image,Variant Weight Unit
copy-of-design-womens-crossbody-bag,Copy of Design Women's Crossbody Bag,"<span>Donec fringilla sapien sed elit luctus, eget mattis dolor efficitur. Ut id libero nulla. Morbi aliquam tortor massa, in aliquet eros molestie in. Quisque eleifend diam leo, a bibendum mi eleifend eget.</span>",Nike,care,"bag, Clothing, comestic",true,Size,M,Color,red,,,"",0,,1,deny,manual,90.00,100.00,true,true,"",https://cdn.shopify.com/s/files/1/1016/2079/products/a8_3b56a0c2-b04b-4ab1-8db6-60a0d19793fb.jpg?v=1446053092,,false,,,,,,,,,,,,,,,,,kg
copy-of-design-womens-crossbody-bag,,,,,,,,M,,blue,,,"",0,,1,deny,manual,90.00,,true,true,"",https://cdn.shopify.com/s/files/1/1016/2079/products/a5_f760e409-643c-4481-a5cb-f1430b3d0caa.jpg?v=1446053092,,,,,,,,,,,,,,,,,,,kg
copy-of-design-womens-crossbody-bag,,,,,,,,M,,green,,,"",0,,1,deny,manual,90.00,,true,true,"",https://cdn.shopify.com/s/files/1/1016/2079/products/a7_919f113e-68e7-4010-9d41-5f318188db0b.jpg?v=1446053092,,,,,,,,,,,,,,,,,,,kg
copy-of-design-womens-crossbody-bag,,,,,,,,N,,red,,,"",0,,1,deny,manual,90.00,,true,true,"",https://cdn.shopify.com/s/files/1/1016/2079/products/a6_49b9c0b7-cf1b-4895-a5d2-3a12787fd124.jpg?v=1446053092,,,,,,,,,,,,,,,,,,,kg
copy-of-design-womens-crossbody-bag,,,,,,,,N,,blue,,,"",0,,1,deny,manual,90.00,,true,true,"",,,,,,,,,,,,,,,,,,,,kg
copy-of-design-womens-crossbody-bag,,,,,,,,N,,green,,,"",0,shopify,2,deny,manual,90.00,,true,true,"",,,,,,,,,,,,,,,,,,,,kg
design-womens-crossbody-bag,Design Women's Crossbody Bag,"<span>Donec fringilla sapien sed elit luctus, eget mattis dolor efficitur. Ut id libero nulla. Morbi aliquam tortor massa, in aliquet eros molestie in. Quisque eleifend diam leo, a bibendum mi eleifend eget.</span>",Nike,care,"bag, Clothing, comestic",true,Size,M,Color,red,,,"",0,,1,deny,manual,90.00,100.00,true,true,"",https://cdn.shopify.com/s/files/1/1016/2079/products/a7.jpg?v=1446053069,,false,,,,,,,,,,,,,,,,,kg
design-womens-crossbody-bag,,,,,,,,M,,blue,,,"",0,,1,deny,manual,90.00,,true,true,"",https://cdn.shopify.com/s/files/1/1016/2079/products/a8.jpg?v=1446053069,,,,,,,,,,,,,,,,,,,kg
design-womens-crossbody-bag,,,,,,,,M,,green,,,"",0,,1,deny,manual,90.00,,true,true,"",https://cdn.shopify.com/s/files/1/1016/2079/products/a5_c3b45a5d-6da8-481b-b8c1-8a80cbd02c54.jpg?v=1446053069,,,,,,,,,,,,,,,,,,,kg
design-womens-crossbody-bag,,,,,,,,N,,red,,,"",0,,1,deny,manual,90.00,,true,true,"",https://cdn.shopify.com/s/files/1/1016/2079/products/a6_b834f771-6965-4165-8880-909a120e6be8.jpg?v=1446053069,,,,,,,,,,,,,,,,,,,kg
design-womens-crossbody-bag,,,,,,,,N,,blue,,,"",0,,1,deny,manual,90.00,,true,true,"",,,,,,,,,,,,,,,,,,,,kg
design-womens-crossbody-bag,,,,,,,,N,,green,,,"",0,shopify,2,deny,manual,90.00,,true,true,"",,,,,,,,,,,,,,,,,,,,kg
fashionable-all-match-portable-belt,Fashionable All-match Portable Belt,"<span>Donec fringilla sapien sed elit luctus, eget mattis dolor efficitur. Ut id libero nulla. Morbi aliquam tortor massa, in aliquet eros molestie in. Quisque eleifend diam leo, a bibendum mi eleifend eget.</span>",Nike,care,"bag, Clothing, comestic",true,Size,M,Color,red,,,"",0,,1,deny,manual,90.00,100.00,true,true,"",https://cdn.shopify.com/s/files/1/1016/2079/products/a5.jpg?v=1446053006,,false,,,,,,,,,,,,,,,,,kg
fashionable-all-match-portable-belt,,,,,,,,M,,blue,,,"",0,,1,deny,manual,90.00,,true,true,"",https://cdn.shopify.com/s/files/1/1016/2079/products/a6.jpg?v=1446053006,,,,,,,,,,,,,,,,,,,kg
fashionable-all-match-portable-belt,,,,,,,,M,,green,,,"",0,,1,deny,manual,90.00,,true,true,"",,,,,,,,,,,,,,,,,,,,kg
fashionable-all-match-portable-belt,,,,,,,,N,,red,,,"",0,,1,deny,manual,90.00,,true,true,"",,,,,,,,,,,,,,,,,,,,kg
fashionable-all-match-portable-belt,,,,,,,,N,,blue,,,"",0,,1,deny,manual,90.00,,true,true,"",,,,,,,,,,,,,,,,,,,,kg
fashionable-all-match-portable-belt,,,,,,,,N,,green,,,"",0,shopify,2,deny,manual,90.00,,true,true,"",,,,,,,,,,,,,,,,,,,,kg
copy-of-fashionable-all-match-portable-belt,Copy of Fashionable All-match Portable Belt,"<span>Donec fringilla sapien sed elit luctus, eget mattis dolor efficitur. Ut id libero nulla. Morbi aliquam tortor massa, in aliquet eros molestie in. Quisque eleifend diam leo, a bibendum mi eleifend eget.</span>",Nike,care,"bag, Clothing, comestic",true,Size,M,Color,red,,,"",0,,1,deny,manual,90.00,100.00,true,true,"",https://cdn.shopify.com/s/files/1/1016/2079/products/a4.jpg?v=1446052966,,false,,,,,,,,,,,,,,,,,kg
copy-of-fashionable-all-match-portable-belt,,,,,,,,M,,blue,,,"",0,,1,deny,manual,90.00,,true,true,"",https://cdn.shopify.com/s/files/1/1016/2079/products/a3.jpg?v=1446052966,,,,,,,,,,,,,,,,,,,kg
copy-of-fashionable-all-match-portable-belt,,,,,,,,M,,green,,,"",0,,1,deny,manual,90.00,,true,true,"",https://cdn.shopify.com/s/files/1/1016/2079/products/a1_1561da0f-4ba0-45ab-a2d1-5e5e24e2cfcf.jpg?v=1446052966,,,,,,,,,,,,,,,,,,,kg
copy-of-fashionable-all-match-portable-belt,,,,,,,,N,,red,,,"",0,,1,deny,manual,90.00,,true,true,"",,,,,,,,,,,,,,,,,,,,kg
copy-of-fashionable-all-match-portable-belt,,,,,,,,N,,blue,,,"",0,,1,deny,manual,90.00,,true,true,"",,,,,,,,,,,,,,,,,,,,kg
copy-of-fashionable-all-match-portable-belt,,,,,,,,N,,green,,,"",0,shopify,2,deny,manual,90.00,,true,true,"",,,,,,,,,,,,,,,,,,,,kg
copy-of-clinique-super-powder-double-face-powder-01-matte-ivory-10-g,Double Face Powder- 01 Matte Ivory 10 g,"<span>Donec fringilla sapien sed elit luctus, eget mattis dolor efficitur. Ut id libero nulla. Morbi aliquam tortor massa, in aliquet eros molestie in. Quisque eleifend diam leo, a bibendum mi eleifend eget.</span>",Nike,care,"Clothing, comestic",true,Size,M,Color,red,,,"",0,,1,deny,manual,90.00,100.00,true,true,"",https://cdn.shopify.com/s/files/1/1016/2079/products/x10_c1868fc9-94f6-4f80-be95-7df4654a3d8e.jpg?v=1446050507,,false,,,,,,,,,,,,,,,,,kg
copy-of-clinique-super-powder-double-face-powder-01-matte-ivory-10-g,,,,,,,,M,,blue,,,"",0,,1,deny,manual,90.00,,true,true,"",https://cdn.shopify.com/s/files/1/1016/2079/products/x9_fc415199-103e-47a4-b3f9-d774cf6edbf6.jpg?v=1446050507,,,,,,,,,,,,,,,,,,,kg
copy-of-clinique-super-powder-double-face-powder-01-matte-ivory-10-g,,,,,,,,M,,green,,,"",0,,1,deny,manual,90.00,,true,true,"",https://cdn.shopify.com/s/files/1/1016/2079/products/x7_add18c54-91dc-4dbc-826b-017e6fe432b6.jpg?v=1446050507,,,,,,,,,,,,,,,,,,,kg
copy-of-clinique-super-powder-double-face-powder-01-matte-ivory-10-g,,,,,,,,N,,red,,,"",0,,1,deny,manual,90.00,,true,true,"",https://cdn.shopify.com/s/files/1/1016/2079/products/x8_80835c23-c04c-4215-b8ec-54675b95ebd4.jpg?v=1446050507,,,,,,,,,,,,,,,,,,,kg
copy-of-clinique-super-powder-double-face-powder-01-matte-ivory-10-g,,,,,,,,N,,blue,,,"",0,,1,deny,manual,90.00,,true,true,"",,,,,,,,,,,,,,,,,,,,kg
copy-of-clinique-super-powder-double-face-powder-01-matte-ivory-10-g,,,,,,,,N,,green,,,"",0,shopify,2,deny,manual,90.00,,true,true,"",,,,,,,,,,,,,,,,,,,,kg
clinique-super-powder-double-face-powder-01-matte-ivory-10-g,Fashionable All-match Portable Belt Buckle Practical Big Bag PU Leather Shoulder Ba,"<span>Donec fringilla sapien sed elit luctus, eget mattis dolor efficitur. Ut id libero nulla. Morbi aliquam tortor massa, in aliquet eros molestie in. Quisque eleifend diam leo, a bibendum mi eleifend eget.</span>",Nike,care,"bag, Clothing, comestic",true,Size,M,Color,red,,,"",0,,1,deny,manual,90.00,100.00,true,true,"",https://cdn.shopify.com/s/files/1/1016/2079/products/a1.jpg?v=1446052574,,false,,,,,,,,,,,,,,,,,kg
clinique-super-powder-double-face-powder-01-matte-ivory-10-g,,,,,,,,M,,blue,,,"",0,,1,deny,manual,90.00,,true,true,"",https://cdn.shopify.com/s/files/1/1016/2079/products/a2.jpg?v=1446052578,,,,,,,,,,,,,,,,,,,kg
clinique-super-powder-double-face-powder-01-matte-ivory-10-g,,,,,,,,M,,green,,,"",0,,1,deny,manual,90.00,,true,true,"",,,,,,,,,,,,,,,,,,,,kg
clinique-super-powder-double-face-powder-01-matte-ivory-10-g,,,,,,,,N,,red,,,"",0,,1,deny,manual,90.00,,true,true,"",,,,,,,,,,,,,,,,,,,,kg
clinique-super-powder-double-face-powder-01-matte-ivory-10-g,,,,,,,,N,,blue,,,"",0,,1,deny,manual,90.00,,true,true,"",,,,,,,,,,,,,,,,,,,,kg
clinique-super-powder-double-face-powder-01-matte-ivory-10-g,,,,,,,,N,,green,,,"",0,shopify,2,deny,manual,90.00,,true,true,"",,,,,,,,,,,,,,,,,,,,kg
scrub-120g,"Scrub, 120g","<span>Donec fringilla sapien sed elit luctus, eget mattis dolor efficitur. Ut id libero nulla. Morbi aliquam tortor massa, in aliquet eros molestie in. Quisque eleifend diam leo, a bibendum mi eleifend eget.</span>",Nike,care,"Clothing, comestic",true,Size,M,Color,red,,,"",0,,1,deny,manual,90.00,100.00,true,true,"",https://cdn.shopify.com/s/files/1/1016/2079/products/x7.jpg?v=1446050187,,false,,,,,,,,,,,,,,,,,kg
scrub-120g,,,,,,,,M,,blue,,,"",0,,1,deny,manual,90.00,,true,true,"",https://cdn.shopify.com/s/files/1/1016/2079/products/x8.jpg?v=1446050187,,,,,,,,,,,,,,,,,,,kg
scrub-120g,,,,,,,,M,,green,,,"",0,,1,deny,manual,90.00,,true,true,"",https://cdn.shopify.com/s/files/1/1016/2079/products/x4_6ab6d4e7-bb90-4ca7-9977-be975394fa08.jpg?v=1446050187,,,,,,,,,,,,,,,,,,,kg
scrub-120g,,,,,,,,N,,red,,,"",0,,1,deny,manual,90.00,,true,true,"",https://cdn.shopify.com/s/files/1/1016/2079/products/x3_e136d58c-bfa0-4675-8e50-1811873adf03.jpg?v=1446050187,,,,,,,,,,,,,,,,,,,kg
scrub-120g,,,,,,,,N,,blue,,,"",0,,1,deny,manual,90.00,,true,true,"",,,,,,,,,,,,,,,,,,,,kg
scrub-120g,,,,,,,,N,,green,,,"",0,shopify,2,deny,manual,90.00,,true,true,"",,,,,,,,,,,,,,,,,,,,kg
copy-of-rks-aroma-exfoliating-scrub-120g-1,"Aroma Exfoliating Scrub, 120g","<span>Donec fringilla sapien sed elit luctus, eget mattis dolor efficitur. Ut id libero nulla. Morbi aliquam tortor massa, in aliquet eros molestie in. Quisque eleifend diam leo, a bibendum mi eleifend eget.</span>",Nike,care,"Clothing, comestic",true,Size,M,Color,red,,,"",0,,1,deny,manual,90.00,,true,true,"",https://cdn.shopify.com/s/files/1/1016/2079/products/x4_f35049c3-9854-40f8-8f1b-17c0bc29ddac.jpg?v=1446050160,,false,,,,,,,,,,,,,,,,,kg
copy-of-rks-aroma-exfoliating-scrub-120g-1,,,,,,,,M,,blue,,,"",0,,1,deny,manual,90.00,,true,true,"",https://cdn.shopify.com/s/files/1/1016/2079/products/x3_e3c82c0a-532a-4fcd-a484-98410983836b.jpg?v=1446050160,,,,,,,,,,,,,,,,,,,kg
copy-of-rks-aroma-exfoliating-scrub-120g-1,,,,,,,,M,,green,,,"",0,,1,deny,manual,90.00,,true,true,"",,,,,,,,,,,,,,,,,,,,kg
copy-of-rks-aroma-exfoliating-scrub-120g-1,,,,,,,,N,,red,,,"",0,,1,deny,manual,90.00,,true,true,"",,,,,,,,,,,,,,,,,,,,kg
copy-of-rks-aroma-exfoliating-scrub-120g-1,,,,,,,,N,,blue,,,"",0,,1,deny,manual,90.00,,true,true,"",,,,,,,,,,,,,,,,,,,,kg
copy-of-rks-aroma-exfoliating-scrub-120g-1,,,,,,,,N,,green,,,"",0,shopify,2,deny,manual,90.00,,true,true,"",,,,,,,,,,,,,,,,,,,,kg
rks-aroma-exfoliating-scrub-120g,"RKS Aroma Exfoliating Scrub, 120g","<span>Donec fringilla sapien sed elit luctus, eget mattis dolor efficitur. Ut id libero nulla. Morbi aliquam tortor massa, in aliquet eros molestie in. Quisque eleifend diam leo, a bibendum mi eleifend eget.</span>",Nike,care,"Clothing, comestic",true,Size,M,Color,red,,,"",0,,1,deny,manual,90.00,,true,true,"",https://cdn.shopify.com/s/files/1/1016/2079/products/x5.jpg?v=1446050082,,false,,,,,,,,,,,,,,,,,kg
rks-aroma-exfoliating-scrub-120g,,,,,,,,M,,blue,,,"",0,,1,deny,manual,90.00,,true,true,"",https://cdn.shopify.com/s/files/1/1016/2079/products/x6.jpg?v=1446050082,,,,,,,,,,,,,,,,,,,kg
rks-aroma-exfoliating-scrub-120g,,,,,,,,M,,green,,,"",0,,1,deny,manual,90.00,,true,true,"",https://cdn.shopify.com/s/files/1/1016/2079/products/x4_0cef0db3-9cbd-4be6-aaa3-46af1a033e9e.jpg?v=1446050082,,,,,,,,,,,,,,,,,,,kg
rks-aroma-exfoliating-scrub-120g,,,,,,,,N,,red,,,"",0,,1,deny,manual,90.00,,true,true,"",https://cdn.shopify.com/s/files/1/1016/2079/products/x3_97e91805-af45-45e8-a3a0-c722b13c8a2e.jpg?v=1446050082,,,,,,,,,,,,,,,,,,,kg
rks-aroma-exfoliating-scrub-120g,,,,,,,,N,,blue,,,"",0,,1,deny,manual,90.00,,true,true,"",,,,,,,,,,,,,,,,,,,,kg
rks-aroma-exfoliating-scrub-120g,,,,,,,,N,,green,,,"",0,shopify,2,deny,manual,90.00,,true,true,"",,,,,,,,,,,,,,,,,,,,kg
copy-of-copy-of-rks-aroma-exfoliating-scrub-120g,"RKS Aroma Exfoliating Scrub, 120g","<span>Donec fringilla sapien sed elit luctus, eget mattis dolor efficitur. Ut id libero nulla. Morbi aliquam tortor massa, in aliquet eros molestie in. Quisque eleifend diam leo, a bibendum mi eleifend eget.</span>",Nike,care,"Clothing, comestic",true,Size,M,Color,red,,,"",0,,1,deny,manual,90.00,,true,true,"",https://cdn.shopify.com/s/files/1/1016/2079/products/x3.jpg?v=1446049886,,false,,,,,,,,,,,,,,,,,kg
copy-of-copy-of-rks-aroma-exfoliating-scrub-120g,,,,,,,,M,,blue,,,"",0,,1,deny,manual,40.00,,true,true,"",https://cdn.shopify.com/s/files/1/1016/2079/products/x4.jpg?v=1446049886,,,,,,,,,,,,,,,,,,,kg
copy-of-copy-of-rks-aroma-exfoliating-scrub-120g,,,,,,,,M,,green,,,"",0,,1,deny,manual,40.00,,true,true,"",,,,,,,,,,,,,,,,,,,,kg
copy-of-copy-of-rks-aroma-exfoliating-scrub-120g,,,,,,,,N,,red,,,"",0,,1,deny,manual,40.00,,true,true,"",,,,,,,,,,,,,,,,,,,,kg
copy-of-copy-of-rks-aroma-exfoliating-scrub-120g,,,,,,,,N,,blue,,,"",0,,1,deny,manual,40.00,,true,true,"",,,,,,,,,,,,,,,,,,,,kg
copy-of-copy-of-rks-aroma-exfoliating-scrub-120g,,,,,,,,N,,green,,,"",0,shopify,2,deny,manual,40.00,,true,true,"",,,,,,,,,,,,,,,,,,,,kg
copy-of-rks-aroma-exfoliating-scrub-120g,"Copy of RKS Aroma Exfoliating Scrub, 120g","<span>Donec fringilla sapien sed elit luctus, eget mattis dolor efficitur. Ut id libero nulla. Morbi aliquam tortor massa, in aliquet eros molestie in. Quisque eleifend diam leo, a bibendum mi eleifend eget.</span>",Nike,care,"Clothing, comestic",true,Size,M,Color,red,,,"",0,,1,deny,manual,40.00,,true,true,"",https://cdn.shopify.com/s/files/1/1016/2079/products/x2_ceacbfcb-2f14-4176-91d6-5ad0cfd439e2.jpg?v=1446049839,,false,,,,,,,,,,,,,,,,,kg
copy-of-rks-aroma-exfoliating-scrub-120g,,,,,,,,M,,blue,,,"",0,,1,deny,manual,40.00,,true,true,"",https://cdn.shopify.com/s/files/1/1016/2079/products/x1_752a104c-1f8a-4c4a-8045-1507aa661b1d.jpg?v=1446049839,,,,,,,,,,,,,,,,,,,kg
copy-of-rks-aroma-exfoliating-scrub-120g,,,,,,,,M,,green,,,"",0,,1,deny,manual,40.00,,true,true,"",,,,,,,,,,,,,,,,,,,,kg
copy-of-rks-aroma-exfoliating-scrub-120g,,,,,,,,N,,red,,,"",0,,1,deny,manual,40.00,,true,true,"",,,,,,,,,,,,,,,,,,,,kg
copy-of-rks-aroma-exfoliating-scrub-120g,,,,,,,,N,,blue,,,"",0,,1,deny,manual,40.00,,true,true,"",,,,,,,,,,,,,,,,,,,,kg
copy-of-rks-aroma-exfoliating-scrub-120g,,,,,,,,N,,green,,,"",0,shopify,2,deny,manual,40.00,,true,true,"",,,,,,,,,,,,,,,,,,,,kg
copy-of-quam-vitnibh-aliqueobo-egestas-lorem-commodo,"RKS Aroma Exfoliating Scrub, 120g","<span>Donec fringilla sapien sed elit luctus, eget mattis dolor efficitur. Ut id libero nulla. Morbi aliquam tortor massa, in aliquet eros molestie in. Quisque eleifend diam leo, a bibendum mi eleifend eget.</span>",Nike,care,"Clothing, comestic",true,Size,M,Color,red,,,"",0,,1,deny,manual,40.00,,true,true,"",https://cdn.shopify.com/s/files/1/1016/2079/products/x1.jpg?v=1446049647,,false,,,,,,,,,,,,,,,,,kg
copy-of-quam-vitnibh-aliqueobo-egestas-lorem-commodo,,,,,,,,M,,blue,,,"",0,,1,deny,manual,40.00,,true,true,"",https://cdn.shopify.com/s/files/1/1016/2079/products/x2.jpg?v=1446049647,,,,,,,,,,,,,,,,,,,kg
copy-of-quam-vitnibh-aliqueobo-egestas-lorem-commodo,,,,,,,,M,,green,,,"",0,,1,deny,manual,40.00,,true,true,"",,,,,,,,,,,,,,,,,,,,kg
copy-of-quam-vitnibh-aliqueobo-egestas-lorem-commodo,,,,,,,,N,,red,,,"",0,,1,deny,manual,40.00,,true,true,"",,,,,,,,,,,,,,,,,,,,kg
copy-of-quam-vitnibh-aliqueobo-egestas-lorem-commodo,,,,,,,,N,,blue,,,"",0,,1,deny,manual,40.00,,true,true,"",,,,,,,,,,,,,,,,,,,,kg
copy-of-quam-vitnibh-aliqueobo-egestas-lorem-commodo,,,,,,,,N,,green,,,"",0,shopify,2,deny,manual,40.00,,true,true,"",,,,,,,,,,,,,,,,,,,,kg
copy-of-donec-fringilla-sapien-sed-elit-luctus-eget-mattis-dolor-efficitur,"Donec fringilla sapien sed elit luctus, eget mattis dolor efficitur.","<span>Donec fringilla sapien sed elit luctus, eget mattis dolor efficitur. Ut id libero nulla. Morbi aliquam tortor massa, in aliquet eros molestie in. Quisque eleifend diam leo, a bibendum mi eleifend eget.</span>",Nike,Bag,Clothing,true,Size,M,Color,red,,,"",0,,1,deny,manual,90.00,,true,true,"",https://cdn.shopify.com/s/files/1/1016/2079/products/s11.jpg?v=1446042582,,false,,,,,,,,,,,,,,,,,kg
copy-of-donec-fringilla-sapien-sed-elit-luctus-eget-mattis-dolor-efficitur,,,,,,,,M,,blue,,,"",0,,1,deny,manual,90.00,,true,true,"",https://cdn.shopify.com/s/files/1/1016/2079/products/s12.jpg?v=1446042582,,,,,,,,,,,,,,,,,,,kg
copy-of-donec-fringilla-sapien-sed-elit-luctus-eget-mattis-dolor-efficitur,,,,,,,,M,,green,,,"",0,,1,deny,manual,90.00,,true,true,"",https://cdn.shopify.com/s/files/1/1016/2079/products/s5_cf7c48dd-1ec6-4581-9e5c-9d1fda12114f.jpg?v=1446042582,,,,,,,,,,,,,,,,,,,kg
copy-of-donec-fringilla-sapien-sed-elit-luctus-eget-mattis-dolor-efficitur,,,,,,,,N,,red,,,"",0,,1,deny,manual,90.00,,true,true,"",https://cdn.shopify.com/s/files/1/1016/2079/products/s6_4e551822-ca3b-4258-9e59-956398b7d36b.jpg?v=1446042582,,,,,,,,,,,,,,,,,,,kg
copy-of-donec-fringilla-sapien-sed-elit-luctus-eget-mattis-dolor-efficitur,,,,,,,,N,,blue,,,"",0,,1,deny,manual,90.00,,true,true,"",,,,,,,,,,,,,,,,,,,,kg
copy-of-donec-fringilla-sapien-sed-elit-luctus-eget-mattis-dolor-efficitur,,,,,,,,N,,green,,,"",0,shopify,2,deny,manual,90.00,,true,true,"",,,,,,,,,,,,,,,,,,,,kg
copy-of-copy-of-malesuada-bibendum-duiat-egestas-lorem-commodo,"Donec fringilla sapien sed elit luctus, eget mattis dolor efficitur.","<span>Donec fringilla sapien sed elit luctus, eget mattis dolor efficitur. Ut id libero nulla. Morbi aliquam tortor massa, in aliquet eros molestie in. Quisque eleifend diam leo, a bibendum mi eleifend eget.</span>",Nike,Bag,Clothing,true,Size,M,Color,red,,,"",0,,1,deny,manual,90.00,,true,true,"",https://cdn.shopify.com/s/files/1/1016/2079/products/s8.jpg?v=1446042549,,false,,,,,,,,,,,,,,,,,kg
copy-of-copy-of-malesuada-bibendum-duiat-egestas-lorem-commodo,,,,,,,,M,,blue,,,"",0,,1,deny,manual,90.00,,true,true,"",https://cdn.shopify.com/s/files/1/1016/2079/products/s7.jpg?v=1446042549,,,,,,,,,,,,,,,,,,,kg
copy-of-copy-of-malesuada-bibendum-duiat-egestas-lorem-commodo,,,,,,,,M,,green,,,"",0,,1,deny,manual,90.00,,true,true,"",https://cdn.shopify.com/s/files/1/1016/2079/products/s5_84fdaa0f-f1d6-4190-9a91-03595808056c.jpg?v=1446042549,,,,,,,,,,,,,,,,,,,kg
copy-of-copy-of-malesuada-bibendum-duiat-egestas-lorem-commodo,,,,,,,,N,,red,,,"",0,,1,deny,manual,90.00,,true,true,"",https://cdn.shopify.com/s/files/1/1016/2079/products/s6_722310b6-fd70-471b-ab4e-6819d9b9d4fe.jpg?v=1446042549,,,,,,,,,,,,,,,,,,,kg
copy-of-copy-of-malesuada-bibendum-duiat-egestas-lorem-commodo,,,,,,,,N,,blue,,,"",0,,1,deny,manual,90.00,,true,true,"",,,,,,,,,,,,,,,,,,,,kg
copy-of-copy-of-malesuada-bibendum-duiat-egestas-lorem-commodo,,,,,,,,N,,green,,,"",0,shopify,2,deny,manual,90.00,,true,true,"",,,,,,,,,,,,,,,,,,,,kg
copy-of-malesuada-bibendum-duiat-egestas-lorem-commodo-1,Copy of Malesuada bibendum duiat egestas lorem commodo,"<span>Donec fringilla sapien sed elit luctus, eget mattis dolor efficitur. Ut id libero nulla. Morbi aliquam tortor massa, in aliquet eros molestie in. Quisque eleifend diam leo, a bibendum mi eleifend eget.</span>",Nike,Bag,Clothing,true,Size,M,Color,red,,,"",0,,1,deny,manual,90.00,,true,true,"",https://cdn.shopify.com/s/files/1/1016/2079/products/s5.jpg?v=1446042471,,false,,,,,,,,,,,,,,,,,kg
copy-of-malesuada-bibendum-duiat-egestas-lorem-commodo-1,,,,,,,,M,,blue,,,"",0,,1,deny,manual,90.00,,true,true,"",https://cdn.shopify.com/s/files/1/1016/2079/products/s6.jpg?v=1446042471,,,,,,,,,,,,,,,,,,,kg
copy-of-malesuada-bibendum-duiat-egestas-lorem-commodo-1,,,,,,,,M,,green,,,"",0,,1,deny,manual,90.00,,true,true,"",https://cdn.shopify.com/s/files/1/1016/2079/products/a19_e4c4fcf9-0444-425f-a88b-3b6fe27b8d86.jpeg?v=1446042471,,,,,,,,,,,,,,,,,,,kg
copy-of-malesuada-bibendum-duiat-egestas-lorem-commodo-1,,,,,,,,N,,red,,,"",0,,1,deny,manual,90.00,,true,true,"",https://cdn.shopify.com/s/files/1/1016/2079/products/a20_5b333784-1552-446b-9619-dc6e0fb66144.jpeg?v=1446042471,,,,,,,,,,,,,,,,,,,kg
copy-of-malesuada-bibendum-duiat-egestas-lorem-commodo-1,,,,,,,,N,,blue,,,"",0,,1,deny,manual,90.00,,true,true,"",,,,,,,,,,,,,,,,,,,,kg
copy-of-malesuada-bibendum-duiat-egestas-lorem-commodo-1,,,,,,,,N,,green,,,"",0,shopify,2,deny,manual,90.00,,true,true,"",,,,,,,,,,,,,,,,,,,,kg
copy-of-donec-fringilla-sapien-sed-elit-luctus-eget-mattis,"Quisque eleifend diam leo, a bibendum mi eleifend eget.","<span>Donec fringilla sapien sed elit luctus, eget mattis dolor efficitur. Ut id libero nulla. Morbi aliquam tortor massa, in aliquet eros molestie in. Quisque eleifend diam leo, a bibendum mi eleifend eget.</span>",Nike,Shoes,Clothing,true,Size,M,Color,red,,,"",0,,1,deny,manual,40.00,,true,true,"",https://cdn.shopify.com/s/files/1/1016/2079/products/s3.jpg?v=1445972911,,false,,,,,,,,,,,,,,,,,kg
copy-of-donec-fringilla-sapien-sed-elit-luctus-eget-mattis,,,,,,,,M,,blue,,,"",0,,1,deny,manual,40.00,,true,true,"",https://cdn.shopify.com/s/files/1/1016/2079/products/s4.jpg?v=1445972911,,,,,,,,,,,,,,,,,,,kg
copy-of-donec-fringilla-sapien-sed-elit-luctus-eget-mattis,,,,,,,,M,,green,,,"",0,,1,deny,manual,40.00,,true,true,"",https://cdn.shopify.com/s/files/1/1016/2079/products/s2_05005069-e70a-4a36-8eab-d66b4bcfe270.jpg?v=1445972911,,,,,,,,,,,,,,,,,,,kg
copy-of-donec-fringilla-sapien-sed-elit-luctus-eget-mattis,,,,,,,,N,,red,,,"",0,,1,deny,manual,40.00,,true,true,"",https://cdn.shopify.com/s/files/1/1016/2079/products/a20_0df00f2c-06cc-4d67-a6c3-96dea6c417af.jpeg?v=1445972911,,,,,,,,,,,,,,,,,,,kg
copy-of-donec-fringilla-sapien-sed-elit-luctus-eget-mattis,,,,,,,,N,,blue,,,"",0,,1,deny,manual,40.00,,true,true,"",,,,,,,,,,,,,,,,,,,,kg
copy-of-donec-fringilla-sapien-sed-elit-luctus-eget-mattis,,,,,,,,N,,green,,,"",0,shopify,2,deny,manual,40.00,,true,true,"",,,,,,,,,,,,,,,,,,,,kg
copy-of-malesuada-bibendum-duiat-egestas-lorem-commodo,"Donec fringilla sapien sed elit luctus, eget mattis","<span>Donec fringilla sapien sed elit luctus, eget mattis dolor efficitur. Ut id libero nulla. Morbi aliquam tortor massa, in aliquet eros molestie in. Quisque eleifend diam leo, a bibendum mi eleifend eget.</span>",Nike,Shoes,Clothing,true,Size,M,Color,red,,,"",0,,1,deny,manual,40.00,100.00,true,true,"",https://cdn.shopify.com/s/files/1/1016/2079/products/s2.jpg?v=1445972795,,false,,,,,,,,,,,,,,,,,kg
copy-of-malesuada-bibendum-duiat-egestas-lorem-commodo,,,,,,,,M,,blue,,,"",0,,1,deny,manual,40.00,,true,true,"",https://cdn.shopify.com/s/files/1/1016/2079/products/s1.jpg?v=1445972795,,,,,,,,,,,,,,,,,,,kg
copy-of-malesuada-bibendum-duiat-egestas-lorem-commodo,,,,,,,,M,,green,,,"",0,,1,deny,manual,40.00,,true,true,"",https://cdn.shopify.com/s/files/1/1016/2079/products/a19_6dc34eba-bc4e-4de8-8931-12d58fd1fa01.jpeg?v=1445972795,,,,,,,,,,,,,,,,,,,kg
copy-of-malesuada-bibendum-duiat-egestas-lorem-commodo,,,,,,,,N,,red,,,"",0,,1,deny,manual,40.00,,true,true,"",https://cdn.shopify.com/s/files/1/1016/2079/products/a20_71aee524-5ab6-4aeb-b201-035cbe79cd09.jpeg?v=1445972795,,,,,,,,,,,,,,,,,,,kg
copy-of-malesuada-bibendum-duiat-egestas-lorem-commodo,,,,,,,,N,,blue,,,"",0,,1,deny,manual,40.00,,true,true,"",,,,,,,,,,,,,,,,,,,,kg
copy-of-malesuada-bibendum-duiat-egestas-lorem-commodo,,,,,,,,N,,green,,,"",0,shopify,2,deny,manual,40.00,,true,true,"",,,,,,,,,,,,,,,,,,,,kg
donec-sodales,Suspendisse congue lacus egestas lorem commodo,"<span>Donec fringilla sapien sed elit luctus, eget mattis dolor efficitur. Ut id libero nulla. Morbi aliquam tortor massa, in aliquet eros molestie in. Quisque eleifend diam leo, a bibendum mi eleifend eget.</span>",Nike,Bag,Clothing,true,Size,M,Color,red,,,"",0,,1,deny,manual,40.00,,true,true,"",https://cdn.shopify.com/s/files/1/1016/2079/products/s2.jpeg?v=1444152902,,false,,,,,,,,,,,,,,,,,kg
donec-sodales,,,,,,,,M,,blue,,,"",0,,1,deny,manual,40.00,,true,true,"",https://cdn.shopify.com/s/files/1/1016/2079/products/s4.jpeg?v=1444152902,,,,,,,,,,,,,,,,,,,kg
donec-sodales,,,,,,,,M,,green,,,"",0,,1,deny,manual,40.00,,true,true,"",,,,,,,,,,,,,,,,,,,,kg
donec-sodales,,,,,,,,N,,red,,,"",0,,1,deny,manual,40.00,,true,true,"",,,,,,,,,,,,,,,,,,,,kg
donec-sodales,,,,,,,,N,,blue,,,"",0,,1,deny,manual,40.00,,true,true,"",,,,,,,,,,,,,,,,,,,,kg
donec-sodales,,,,,,,,N,,green,,,"",0,shopify,2,deny,manual,40.00,,true,true,"",,,,,,,,,,,,,,,,,,,,kg
phasellus-cursus-1,PHASELLUS CURSUS,"<span>Donec fringilla sapien sed elit luctus, eget mattis dolor efficitur. Ut id libero nulla. Morbi aliquam tortor massa, in aliquet eros molestie in. Quisque eleifend diam leo, a bibendum mi eleifend eget.</span>",Nike,Bag,Clothing,true,Size,M,Color,red,,,"",0,,1,deny,manual,40.00,,true,true,"",https://cdn.shopify.com/s/files/1/1016/2079/products/a15_d2409524-606d-4d80-b9b9-883ffd3db2fb.jpeg?v=1444152900,,false,,,,,,,,,,,,,,,,,kg
phasellus-cursus-1,,,,,,,,M,,blue,,,"",0,,1,deny,manual,40.00,,true,true,"",https://cdn.shopify.com/s/files/1/1016/2079/products/a16_f761c731-03f5-4858-9829-fc5a49b790f5.jpeg?v=1444152900,,,,,,,,,,,,,,,,,,,kg
phasellus-cursus-1,,,,,,,,M,,green,,,"",0,,1,deny,manual,40.00,,true,true,"",,,,,,,,,,,,,,,,,,,,kg
phasellus-cursus-1,,,,,,,,N,,red,,,"",0,,1,deny,manual,40.00,,true,true,"",,,,,,,,,,,,,,,,,,,,kg
phasellus-cursus-1,,,,,,,,N,,blue,,,"",0,,1,deny,manual,40.00,,true,true,"",,,,,,,,,,,,,,,,,,,,kg
phasellus-cursus-1,,,,,,,,N,,green,,,"",0,shopify,2,deny,manual,40.00,,true,true,"",,,,,,,,,,,,,,,,,,,,kg
donec-fringilla-2,Malesuada bibendum duiat egestas lorem commodo,"<span>Donec fringilla sapien sed elit luctus, eget mattis dolor efficitur. Ut id libero nulla. Morbi aliquam tortor massa, in aliquet eros molestie in. Quisque eleifend diam leo, a bibendum mi eleifend eget.</span>",Nike,Bag,Clothing,true,Size,M,Color,red,,,"",0,,1,deny,manual,90.00,,true,true,"",https://cdn.shopify.com/s/files/1/1016/2079/products/a19.jpeg?v=1444152898,,false,,,,,,,,,,,,,,,,,kg
donec-fringilla-2,,,,,,,,M,,blue,,,"",0,,1,deny,manual,90.00,,true,true,"",https://cdn.shopify.com/s/files/1/1016/2079/products/a20.jpeg?v=1444152898,,,,,,,,,,,,,,,,,,,kg
donec-fringilla-2,,,,,,,,M,,green,,,"",0,,1,deny,manual,90.00,,true,true,"",,,,,,,,,,,,,,,,,,,,kg
donec-fringilla-2,,,,,,,,N,,red,,,"",0,,1,deny,manual,90.00,,true,true,"",,,,,,,,,,,,,,,,,,,,kg
donec-fringilla-2,,,,,,,,N,,blue,,,"",0,,1,deny,manual,90.00,,true,true,"",,,,,,,,,,,,,,,,,,,,kg
donec-fringilla-2,,,,,,,,N,,green,,,"",0,shopify,2,deny,manual,90.00,,true,true,"",,,,,,,,,,,,,,,,,,,,kg
copy-of-vestibulum-mi,Malesuada fames acurpis egestas lorem commodo,"<span>Donec fringilla sapien sed elit luctus, eget mattis dolor efficitur. Ut id libero nulla. Morbi aliquam tortor massa, in aliquet eros molestie in. Quisque eleifend diam leo, a bibendum mi eleifend eget.</span>",Nike,Shirt,Clothing,true,Size,M,Color,red,,,"",0,,1,deny,manual,40.00,,true,true,"",https://cdn.shopify.com/s/files/1/1016/2079/products/a1.jpeg?v=1444152896,,false,,,,,,,,,,,,,,,,,kg
copy-of-vestibulum-mi,,,,,,,,M,,blue,,,"",0,,1,deny,manual,40.00,,true,true,"",https://cdn.shopify.com/s/files/1/1016/2079/products/a2.jpeg?v=1444152896,,,,,,,,,,,,,,,,,,,kg
copy-of-vestibulum-mi,,,,,,,,M,,green,,,"",0,,1,deny,manual,40.00,,true,true,"",,,,,,,,,,,,,,,,,,,,kg
copy-of-vestibulum-mi,,,,,,,,N,,red,,,"",0,,1,deny,manual,40.00,,true,true,"",,,,,,,,,,,,,,,,,,,,kg
copy-of-vestibulum-mi,,,,,,,,N,,blue,,,"",0,,1,deny,manual,40.00,,true,true,"",,,,,,,,,,,,,,,,,,,,kg
copy-of-vestibulum-mi,,,,,,,,N,,green,,,"",0,shopify,2,deny,manual,40.00,,true,true,"",,,,,,,,,,,,,,,,,,,,kg
vestibulum-mi-1,Malesuada fames acurpis egestas lorem commodo,"<span>Donec fringilla sapien sed elit luctus, eget mattis dolor efficitur. Ut id libero nulla. Morbi aliquam tortor massa, in aliquet eros molestie in. Quisque eleifend diam leo, a bibendum mi eleifend eget.</span>",Nike,Shirt,Clothing,true,Size,M,Color,red,,,"",0,,1,deny,manual,40.00,,true,true,"",https://cdn.shopify.com/s/files/1/1016/2079/products/a2_62922038-6849-47c3-9587-3383dbf4d596.jpeg?v=1444152894,,false,,,,,,,,,,,,,,,,,kg
vestibulum-mi-1,,,,,,,,M,,blue,,,"",0,,1,deny,manual,40.00,,true,true,"",https://cdn.shopify.com/s/files/1/1016/2079/products/a3_381d6d1a-3c0f-4450-a636-96ae0198cd2a.jpeg?v=1444152894,,,,,,,,,,,,,,,,,,,kg
vestibulum-mi-1,,,,,,,,M,,green,,,"",0,,1,deny,manual,40.00,,true,true,"",,,,,,,,,,,,,,,,,,,,kg
vestibulum-mi-1,,,,,,,,N,,red,,,"",0,,1,deny,manual,40.00,,true,true,"",,,,,,,,,,,,,,,,,,,,kg
vestibulum-mi-1,,,,,,,,N,,blue,,,"",0,,1,deny,manual,40.00,,true,true,"",,,,,,,,,,,,,,,,,,,,kg
vestibulum-mi-1,,,,,,,,N,,green,,,"",0,shopify,2,deny,manual,40.00,,true,true,"",,,,,,,,,,,,,,,,,,,,kg
nullam-commodo-1,Libero quis enim vehicula egestas lorem commodo,"<span>Donec fringilla sapien sed elit luctus, eget mattis dolor efficitur. Ut id libero nulla. Morbi aliquam tortor massa, in aliquet eros molestie in. Quisque eleifend diam leo, a bibendum mi eleifend eget.</span>",Nike,Shirt,Clothing,true,Size,M,Color,red,,,"",0,,1,deny,manual,40.00,100.00,true,true,"",https://cdn.shopify.com/s/files/1/1016/2079/products/a3.jpeg?v=1444152891,,false,,,,,,,,,,,,,,,,https://cdn.shopify.com/s/files/1/1016/2079/products/a4.jpeg?v=1444152891,kg
nullam-commodo-1,,,,,,,,M,,blue,,,"",0,,1,deny,manual,40.00,,true,true,"",https://cdn.shopify.com/s/files/1/1016/2079/products/a4.jpeg?v=1444152891,,,,,,,,,,,,,,,,,,https://cdn.shopify.com/s/files/1/1016/2079/products/a3.jpeg?v=1444152891,kg
nullam-commodo-1,,,,,,,,M,,green,,,"",0,,1,deny,manual,40.00,,true,true,"",https://cdn.shopify.com/s/files/1/1016/2079/products/a1_bdd2d09b-5851-4894-b704-cdde146021b5.jpeg?v=1444152891,,,,,,,,,,,,,,,,,,https://cdn.shopify.com/s/files/1/1016/2079/products/a1_bdd2d09b-5851-4894-b704-cdde146021b5.jpeg?v=1444152891,kg
nullam-commodo-1,,,,,,,,N,,red,,,"",0,,1,deny,manual,40.00,,true,true,"",https://cdn.shopify.com/s/files/1/1016/2079/products/a2_ca547e04-acd8-4111-b3ee-470dc9660eab.jpeg?v=1444152891,,,,,,,,,,,,,,,,,,,kg
nullam-commodo-1,,,,,,,,N,,blue,,,"",0,,1,deny,manual,40.00,,true,true,"",https://cdn.shopify.com/s/files/1/1016/2079/products/a10_2ca067fd-9824-4906-89ca-5338f5a9573e.jpeg?v=1444152891,,,,,,,,,,,,,,,,,,,kg
nullam-commodo-1,,,,,,,,N,,green,,,"",0,shopify,2,deny,manual,40.00,,true,true,"",https://cdn.shopify.com/s/files/1/1016/2079/products/a11_1ffae45e-ac3a-4e76-ab79-05f60a6d48e7.jpeg?v=1444152891,,,,,,,,,,,,,,,,,,,kg
nullam-volutpat-1,Libero quis enim vehicula egestas lorem commodo,"<span>Donec fringilla sapien sed elit luctus, eget mattis dolor efficitur. Ut id libero nulla. Morbi aliquam tortor massa, in aliquet eros molestie in. Quisque eleifend diam leo, a bibendum mi eleifend eget.</span>",Nike,Shirt,Clothing,true,Size,M,Color,red,,,"",0,,1,deny,manual,40.00,,true,true,"",https://cdn.shopify.com/s/files/1/1016/2079/products/a5.jpeg?v=1444152884,,false,,,,,,,,,,,,,,,,https://cdn.shopify.com/s/files/1/1016/2079/products/a6.jpeg?v=1444152884,kg
nullam-volutpat-1,,,,,,,,M,,blue,,,"",0,,1,deny,manual,40.00,100.00,true,true,"",https://cdn.shopify.com/s/files/1/1016/2079/products/a6.jpeg?v=1444152884,,,,,,,,,,,,,,,,,,https://cdn.shopify.com/s/files/1/1016/2079/products/a3_c3ab897d-fc9f-4d4c-b502-d70962f59775.jpeg?v=1444152884,kg
nullam-volutpat-1,,,,,,,,M,,green,,,"",0,,1,deny,manual,40.00,,true,true,"",https://cdn.shopify.com/s/files/1/1016/2079/products/a3_c3ab897d-fc9f-4d4c-b502-d70962f59775.jpeg?v=1444152884,,,,,,,,,,,,,,,,,,,kg
nullam-volutpat-1,,,,,,,,N,,red,,,"",0,,1,deny,manual,40.00,,true,true,"",https://cdn.shopify.com/s/files/1/1016/2079/products/a1_12a73b3a-cfc5-4b89-a6ee-1f21077d894d.jpeg?v=1444152885,,,,,,,,,,,,,,,,,,,kg
nullam-volutpat-1,,,,,,,,N,,blue,,,"",0,,1,deny,manual,40.00,,true,true,"",https://cdn.shopify.com/s/files/1/1016/2079/products/a2_572fbf6c-0690-4d92-b99d-0231ebb9162d.jpeg?v=1444152885,,,,,,,,,,,,,,,,,,,kg
nullam-volutpat-1,,,,,,,,N,,green,,,"",0,shopify,2,deny,manual,40.00,,true,true,"",https://cdn.shopify.com/s/files/1/1016/2079/products/a4_68353ab1-d6ff-4a8c-b5bf-c2e5b1fe4497.jpeg?v=1444152885,,,,,,,,,,,,,,,,,,,kg
vestibulum-mi,Quam vitnibh aliqueobo egestas lorem commodo,"<span>Donec fringilla sapien sed elit luctus, eget mattis dolor efficitur. Ut id libero nulla. Morbi aliquam tortor massa, in aliquet eros molestie in. Quisque eleifend diam leo, a bibendum mi eleifend eget.</span>",Nike,Shirt,Clothing,true,Size,M,Color,red,,,"",0,,1,deny,manual,40.00,,true,true,"",https://cdn.shopify.com/s/files/1/1016/2079/products/a17n.jpeg?v=1444152879,,false,,,,,,,,,,,,,,,,,kg
vestibulum-mi,,,,,,,,M,,blue,,,"",0,,1,deny,manual,40.00,,true,true,"",https://cdn.shopify.com/s/files/1/1016/2079/products/a18.jpeg?v=1444152879,,,,,,,,,,,,,,,,,,,kg
vestibulum-mi,,,,,,,,M,,green,,,"",0,,1,deny,manual,40.00,,true,true,"",,,,,,,,,,,,,,,,,,,,kg
vestibulum-mi,,,,,,,,N,,red,,,"",0,,1,deny,manual,40.00,,true,true,"",,,,,,,,,,,,,,,,,,,,kg
vestibulum-mi,,,,,,,,N,,blue,,,"",0,,1,deny,manual,40.00,,true,true,"",,,,,,,,,,,,,,,,,,,,kg
vestibulum-mi,,,,,,,,N,,green,,,"",0,shopify,2,deny,manual,40.00,,true,true,"",,,,,,,,,,,,,,,,,,,,kg
nullam-commodo,Egestas lorem commodo libero quis enim vehicula,"<p><span>Donec fringilla sapien sed elit luctus, eget mattis dolor efficitur. Ut id libero nulla. Morbi aliquam tortor massa, in aliquet eros molestie in. Quisque eleifend diam leo, a bibendum mi eleifend eget.</span></p>
<div class=""row"">
<div class=""col-md-6""><img src=""//cdn.shopify.com/s/files/1/0977/9480/products/a13_1024x1024.jpg?v=1441439036""></div>
<div class=""col-md-6""><img src=""//cdn.shopify.com/s/files/1/0977/9480/products/a14_1024x1024.jpg?v=1441439038""></div>
</div>",Nike,Shirt,Clothing,true,Size,M,Color,red grid,,,"",0,shopify,4,continue,manual,40.00,50.00,true,true,"",https://cdn.shopify.com/s/files/1/1016/2079/products/a13_bb3def60-5f4b-419f-be90-e5de3de340be.jpeg?v=1444152877,,false,,,,,,,,,,,,,,,,https://cdn.shopify.com/s/files/1/1016/2079/products/a13_bb3def60-5f4b-419f-be90-e5de3de340be.jpeg?v=1444152877,kg
nullam-commodo,,,,,,,,M,,blue,,,"",0,,1,deny,manual,40.00,100.00,true,true,"",https://cdn.shopify.com/s/files/1/1016/2079/products/a14_7bfe0272-3424-4237-ab14-b19f31f39ecd.jpeg?v=1444152877,,,,,,,,,,,,,,,,,,https://cdn.shopify.com/s/files/1/1016/2079/products/a14_7bfe0272-3424-4237-ab14-b19f31f39ecd.jpeg?v=1444152877,kg
nullam-commodo,,,,,,,,M,,green,,,"",0,,1,deny,manual,40.00,,true,true,"",,,,,,,,,,,,,,,,,,,,kg
nullam-commodo,,,,,,,,N,,red grid,,,"",0,shopify,9,continue,manual,40.00,100.00,true,true,"",,,,,,,,,,,,,,,,,,,,kg
nullam-commodo,,,,,,,,N,,blue grid,,,"",0,,1,deny,manual,40.00,,true,true,"",,,,,,,,,,,,,,,,,,,,kg
nullam-commodo,,,,,,,,N,,green,,,"",0,shopify,2,deny,manual,40.00,70.00,true,true,"",,,,,,,,,,,,,,,,,,,,kg
phasellus-cursus,Quam vitnibh aliqueobo egestas lorem commodo,"<span>Donec fringilla sapien sed elit luctus, eget mattis dolor efficitur. Ut id libero nulla. Morbi aliquam tortor massa, in aliquet eros molestie in. Quisque eleifend diam leo, a bibendum mi eleifend eget.</span>",Nike,Shirt,Clothing,true,Size,M,Color,red,,,"",0,shopify,2,continue,manual,40.00,,true,true,"",https://cdn.shopify.com/s/files/1/1016/2079/products/a21.jpeg?v=1444152875,,false,,,,,,,,,,,,,,,,,kg
phasellus-cursus,,,,,,,,M,,blue,,,"",0,,1,deny,manual,40.00,,true,true,"",https://cdn.shopify.com/s/files/1/1016/2079/products/a22.jpeg?v=1444152875,,,,,,,,,,,,,,,,,,,kg
phasellus-cursus,,,,,,,,M,,green,,,"",0,,1,deny,manual,40.00,,true,true,"",,,,,,,,,,,,,,,,,,,,kg
phasellus-cursus,,,,,,,,N,,red,,,"",0,,1,deny,manual,40.00,,true,true,"",,,,,,,,,,,,,,,,,,,,kg
phasellus-cursus,,,,,,,,N,,blue,,,"",0,,1,deny,manual,40.00,,true,true,"",,,,,,,,,,,,,,,,,,,,kg
phasellus-cursus,,,,,,,,N,,green,,,"",0,,1,deny,manual,40.00,,true,true,"",,,,,,,,,,,,,,,,,,,,kg
donec-fringilla,Aenean consequat sagittis commodo habitasse lacus,"<p><span>Donec fringilla sapien sed elit luctus, eget mattis dolor efficitur. Ut id libero nulla. Morbi aliquam tortor massa, in aliquet eros molestie in. Quisque eleifend diam leo, a bibendum mi eleifend eget.</span></p>
<div class=""row"">
<div class=""col-md-6"">
<p><img src=""//cdn.shopify.com/s/files/1/0977/9480/products/a11_2048x2048.jpg?v=1441439034""></p>
</div>
<div class=""col-md-6"">
<p><img src=""//cdn.shopify.com/s/files/1/0977/9480/products/a12_2048x2048.jpg?v=1441439035""></p>
</div>
</div>",Nike,Shirt,"blue, M, N, red, S",true,Size,M,Color,blue 1,,,"",0,shopify,8,continue,manual,38.00,90.00,true,true,"",https://cdn.shopify.com/s/files/1/1016/2079/products/a11.jpeg?v=1444152871,,false,,,,,,,,,,,,,,,,https://cdn.shopify.com/s/files/1/1016/2079/products/a15.jpeg?v=1444152871,kg
donec-fringilla,,,,,,,,M,,blue 2,,,"",0,,1,deny,manual,38.00,90.00,true,true,"",https://cdn.shopify.com/s/files/1/1016/2079/products/a15.jpeg?v=1444152871,,,,,,,,,,,,,,,,,,https://cdn.shopify.com/s/files/1/1016/2079/products/a12.jpeg?v=1444152871,kg
donec-fringilla,,,,,,,,M,,blue grid,,,"",0,,1,deny,manual,41.00,,true,true,"",https://cdn.shopify.com/s/files/1/1016/2079/products/a12.jpeg?v=1444152871,,,,,,,,,,,,,,,,,,https://cdn.shopify.com/s/files/1/1016/2079/products/a13.jpeg?v=1444152871,kg
donec-fringilla,,,,,,,,N,,red grid,,,"",0,shopify,6,continue,manual,40.00,100.00,true,true,"",https://cdn.shopify.com/s/files/1/1016/2079/products/a13.jpeg?v=1444152871,,,,,,,,,,,,,,,,,,https://cdn.shopify.com/s/files/1/1016/2079/products/a11.jpeg?v=1444152871,kg
donec-fringilla,,,,,,,,N,,yellow,,,"",0,,1,deny,manual,40.00,,true,true,"",https://cdn.shopify.com/s/files/1/1016/2079/products/a14.jpeg?v=1444152871,,,,,,,,,,,,,,,,,,,kg
donec-fringilla,,,,,,,,N,,blue grid,,,"",0,,1,deny,manual,40.00,,true,true,"",https://cdn.shopify.com/s/files/1/1016/2079/products/a16.jpeg?v=1444152871,,,,,,,,,,,,,,,,,,,kg
nullam-volutpat,Commodo habitasse lacus aenean consequat sagittis,"<p><span>Donec fringilla sapien sed elit luctus, eget mattis dolor efficitur. Ut id libero nulla. Morbi aliquam tortor massa, in aliquet eros molestie in. Quisque eleifend diam leo, a bibendum mi eleifend eget.</span></p>
<pre>[youtube width=""100%"" height=""489"" video=""fgICNOVrsg8?modestbranding=1&amp;autohide=1&amp;showinfo=0""]</pre>",Nike,Shirt,"blue, Clothing, Cotton, M, N, red, sum",true,Size,M,Color,grey,,,"",0,shopify,6,deny,manual,20.00,90.00,true,true,"",https://cdn.shopify.com/s/files/1/1016/2079/products/a9.jpeg?v=1444152866,,false,,,,,,,,,,,,,,,,https://cdn.shopify.com/s/files/1/1016/2079/products/a9.jpeg?v=1444152866,kg
nullam-volutpat,,,,,,,,N,,white,,,"",0,shopify,5,deny,manual,19.00,40.00,true,true,"",https://cdn.shopify.com/s/files/1/1016/2079/products/a10.jpeg?v=1444152866,,,,,,,,,,,,,,,,,,https://cdn.shopify.com/s/files/1/1016/2079/products/a10.jpeg?v=1444152866,kg
nullam-volutpat,,,,,,,,XL,,red grid,,,"",0,shopify,7,continue,manual,50.00,100.00,true,true,"",,,,,,,,,,,,,,,,,,,https://cdn.shopify.com/s/files/1/1016/2079/products/a10.jpeg?v=1444152866,kg
