[{"name":"theme_info","theme_name":"Eva","theme_author":"RoarTheme","theme_version":"2.0","theme_documentation_url":"http:\/\/docs.roartheme.com\/shopify\/eva","theme_support_url":"https:\/\/support.roartheme.com"},{"name":"General","settings":[{"type":"header","content":"Main Content"},{"type":"text","id":"general_max_width","label":"Main Content Max Width (px)"},{"type":"header","content":"Google map"},{"type":"text","id":"general_gmap_api","label":"Google map API key","info":"Obrain API key [here](\/\/goo.gl\/wVcKPP) to use our Google Map VC elemen"}]},{"name":"Favicon","settings":[{"type":"image_picker","id":"favicon_image","label":"Favicon"},{"type":"image_picker","id":"favicon_image_retina","label":"Favicon retina image"}]},{"name":"Typography","settings":[{"type":"header","content":"General Font","info":"Used anywhere else"},{"type":"text","id":"general_font","label":"Google Web Font [( ? )](\/\/goo.gl\/pABHBu)"},{"type":"font","id":"general_font_bk","label":"Backup Font Family"},{"type":"range","id":"general_font_weight","min":300,"max":900,"step":100,"label":"Font Weight","default":400},{"type":"range","id":"general_font_spacing","min":0,"max":5,"step":0.5,"unit":"px","label":"Letter Spacing","default":1},{"type":"header","content":"Heading Font"},{"type":"text","id":"heading_font","label":"Google Web Font [( ? )](\/\/goo.gl\/pABHBu)"},{"type":"font","id":"heading_font_bk","label":"Backup Font Family"},{"type":"range","id":"heading_font_weight","min":300,"max":900,"step":100,"label":"Font Weight","default":400},{"type":"range","id":"heading_font_spacing","min":0,"max":5,"step":0.5,"unit":"px","label":"Letter Spacing","default":1},{"type":"header","content":"Header Title Font"},{"type":"text","id":"header_font","label":"Google Web Font [( ? )](\/\/goo.gl\/pABHBu)"},{"type":"font","id":"header_font_bk","label":"Backup Font Family"},{"type":"range","id":"header_font_weight","min":300,"max":900,"step":100,"label":"Font Weight","default":400},{"type":"range","id":"header_font_spacing","min":0,"max":5,"step":0.5,"unit":"px","label":"Letter Spacing","default":1},{"type":"select","id":"header_font_transform","label":"Text Transform","options":[{"value":"none","label":"none"},{"value":"capitalize","label":"Capitalize"},{"value":"uppercase","label":"Uppercase"},{"value":"lowercase","label":"Lowercase"},{"value":"initial","label":"Initial"},{"value":"inherit","label":"Inherit"}]},{"type":"header","content":"Navigation Font"},{"type":"text","id":"nav_font","label":"Google Web Font [( ? )](\/\/goo.gl\/pABHBu)"},{"type":"font","id":"nav_font_bk","label":"Backup Font Family"},{"type":"range","id":"nav_font_weight","min":300,"max":900,"step":100,"label":"Font Weight","default":400},{"type":"range","id":"nav_font_spacing","min":0,"max":5,"step":0.5,"unit":"px","label":"Letter Spacing","default":1},{"type":"select","id":"nav_font_transform","label":"Text Transform","options":[{"value":"none","label":"none"},{"value":"capitalize","label":"Capitalize"},{"value":"uppercase","label":"Uppercase"},{"value":"lowercase","label":"Lowercase"},{"value":"initial","label":"Initial"},{"value":"inherit","label":"Inherit"}]},{"type":"range","id":"nav_font_size","min":10,"max":30,"step":1,"unit":"px","label":"Font size","default":17},{"type":"header","content":"Special Font"},{"type":"text","id":"special_font","label":"Google Web Font [( ? )](\/\/goo.gl\/pABHBu)"},{"type":"font","id":"special_font_bk","label":"Backup Font Family"}]},{"name":"Styling","settings":[{"type":"header","content":"General"},{"type":"color","id":"main_color","label":"Main Theme Color","default":"#a8e8e2"},{"type":"select","id":"form_style","label":"Overall Form Style","options":[{"label":"Default","value":"default"},{"label":"Minimal","value":"minimal"}]},{"type":"color","id":"background_color","label":"Background Color","default":"#ffffff"},{"type":"header","content":"Page Loader"},{"type":"select","id":"page_loader","label":"Page Loader","options":[{"label":"Disable","value":""},{"label":"Enable","value":"1"}]},{"type":"select","id":"page_loader_spinner","label":"Page Loader Icon","options":[{"label":"Style 1","value":"1"},{"label":"Style 2","value":"2"},{"label":"Style 3","value":"3"},{"label":"Style 4","value":"4"}]},{"type":"color","id":"page_loader_color","label":"Loader Color","default":"#a8e8e2"},{"type":"color","id":"page_loader_bg","label":"Loader Background Color","default":"#ffffff"}]},{"name":"Header","settings":[{"type":"text","id":"header_padding","label":"Logo Paddings (px)","info":"(Top\/Bottom)"},{"type":"text","id":"main_logo_height","label":"Custom Logo Height (px)"},{"type":"color","id":"logo_color","label":"Logo Color","default":"#333333"}]},{"name":"Social media","settings":[{"type":"header","content":"Social accounts"},{"type":"text","id":"social_twitter_link","label":"Twitter","info":"https:\/\/twitter.com\/shopify"},{"type":"text","id":"social_facebook_link","label":"Facebook","info":"https:\/\/facebook.com\/shopify"},{"type":"text","id":"social_googleplus_link","label":"Google Plus","info":"https:\/\/plus.google.com\/+shopify"},{"type":"text","id":"social_pinterest_link","label":"Pinterest","info":"https:\/\/pinterest.com\/shopify"},{"type":"text","id":"social_instagram_link","label":"Instagram","info":"http:\/\/instagram.com\/shopify"},{"type":"text","id":"social_tumblr_link","label":"Tumblr","info":"http:\/\/shopify.tumblr.com"},{"type":"text","id":"social_snapchat_link","label":"Snapchat","info":"https:\/\/www.snapchat.com\/add\/shopify"},{"type":"text","id":"social_youtube_link","label":"YouTube","info":"https:\/\/www.youtube.com\/shopify"},{"type":"text","id":"social_vimeo_link","label":"Vimeo","info":"https:\/\/vimeo.com\/shopify"}]},{"name":"Shop","settings":[{"type":"select","id":"catalog_mode","label":"Catalog Mode","info":"Check to enable Catalog Mode. You can hide all \"Add to cart\" buttons, cart widget, cart and checkout pages. This will allow you to showcase your products as an online catalog without ability to make a purchase","options":[{"value":"","label":"Disable"},{"value":"1","label":"Enable"}]},{"type":"select","id":"product_addtocart_ajax","label":"Add to Cart Ajax","options":[{"value":"","label":"Disable"},{"value":"1","label":"Enable"}]},{"type":"header","content":"Shop Header"},{"type":"text","id":"shop_header_height","label":"Header Height (px)"},{"type":"select","id":"shop_header_style","label":"Header Transparency","options":[{"value":"","label":"Inherit"},{"value":"light","label":"Light"},{"value":"dark","label":"Dark"}]},{"type":"image_picker","id":"shop_header_bg","label":"Default Background Image"},{"type":"header","content":"Products View"},{"type":"select","id":"shop_second_image","label":"Second Image on Hover","options":[{"value":"","label":"Disable"},{"value":"1","label":"Enable"}]},{"type":"select","id":"shop_quick_view","label":"Quick View","options":[{"value":"","label":"Disable"},{"value":"1","label":"Enable"}]},{"type":"select","id":"shop_collection","label":"Category\/Categories name","options":[{"value":"","label":"Disable"},{"value":"1","label":"Display first collection"},{"value":"2","label":"Display all collections"}]},{"type":"select","id":"shop_review","label":"Review Rating","options":[{"value":"","label":"Disable"},{"value":"1","label":"Enable"}]},{"type":"select","id":"shop_addtocart","label":"Add to cart Button Display","options":[{"value":"","label":"When hover"},{"value":"1","label":"At al time"}]},{"type":"header","content":"Shop Badges"},{"type":"select","id":"shop_sale_percentages","label":"% Sale Badge","info":"Check to enable \"- %\" Badge in percentages instead \"Sale\" Badge","options":[{"value":"","label":"Disable"},{"value":"1","label":"Enable"}]},{"type":"header","content":"Size Chart"},{"type":"page","id":"product_size_chart","label":"Size Chart page"},{"type":"header","content":"Wishlist"},{"type":"page","id":"product_wishlist","label":"Wishlist page"},{"type":"header","content":"Product swatches"},{"type":"checkbox","id":"product_swatch_color","label":"Enable color swatches"},{"type":"checkbox","id":"product_swatch_size","label":"Enable size swatches"}]},{"name":"Cookie popup","settings":[{"type":"checkbox","id":"cookie_popup","label":"Enabled"},{"type":"textarea","id":"cookie_message","label":"Message"},{"type":"text","id":"cookie_button","label":"Button"}]},{"name":"Newsletter popup","settings":[{"type":"checkbox","id":"popup_mailchimp_show","label":"Enabled"},{"type":"checkbox","id":"popup_mailchimp_sb","label":"Disable on mobile"},{"type":"text","id":"popup_mailchimp_action","label":"Form action [( ? )](https:\/\/youtu.be\/ucj6y7Ix6gU):"},{"type":"text","id":"popup_mailchimp_period","label":"'Do not show again' time period (in days)","default":"1"},{"type":"text","id":"popup_mailchimp_delay","label":"Popup delay (in seconds)","default":"1"},{"type":"image_picker","id":"popup_mailchimp_img","label":"Popup image"}]},{"name":"Notification products","settings":[{"type":"checkbox","id":"notify_product","label":"Enabled"},{"type":"collection","id":"notify_product_collection","label":"Choose a collection"},{"type":"range","id":"notify_product_limit","min":1,"max":100,"step":1,"label":"Limit","default":10},{"type":"text","id":"notify_product_title","label":"Title"},{"type":"range","id":"notify_product_delay","min":0,"max":30,"step":1,"unit":"sec","label":"Separation time","default":10},{"type":"range","id":"notify_product_display","min":0,"max":30,"step":1,"unit":"sec","label":"Display time","default":5}]},{"name":"Facebook messenger chat","settings":[{"type":"checkbox","id":"fbchat_enable","label":"Enabled"},{"type":"text","id":"fbchat_title","label":"Live chat title"},{"type":"text","id":"fbchat_page","label":"Facebook page","info":"This must be a Facebook Page. Groups and Profiles are not accepted."},{"type":"checkbox","id":"fbchat_timeline","label":"Timeline tab"},{"type":"checkbox","id":"fbchat_events","label":"Events tab"},{"type":"select","id":"fbchat_position","label":"Position","options":[{"value":"right","label":"Right"},{"value":"left","label":"Left"}]}]}]