{"current":{"general_max_width":"1440","general_gmap_api":"AIzaSyDGMbGexGAIJrbku90NyeLsFEfX3i8PedM","favicon_image":"","favicon_image_retina":"","general_font":"Dosis","general_font_bk":"Helvetica, Arial, sans-serif","general_font_weight":300,"general_font_spacing":0.5,"heading_font":"Dosis","heading_font_bk":"Helvetica, Arial, sans-serif","heading_font_weight":600,"heading_font_spacing":1,"header_font":"Dosis","header_font_bk":"Helvetica, Arial, sans-serif","header_font_weight":600,"header_font_spacing":0,"header_font_transform":"inherit","nav_font":"Dosis","nav_font_bk":"Helvetica, Arial, sans-serif","nav_font_weight":600,"nav_font_spacing":1,"nav_font_transform":"uppercase","nav_font_size":14,"special_font":"Montserrat","special_font_bk":"Helvetica, Arial, sans-serif","main_color":"#d34932","form_style":"minimal","background_color":"#ffffff","page_loader":"1","page_loader_spinner":"1","page_loader_color":"#dca82b","page_loader_bg":"#ffffff","header_padding":"15","main_logo_height":"100","logo_color":"#cd8e11","social_twitter_link":"https:\/\/twitter.com\/shullundiabell","social_facebook_link":"https:\/\/facebook.com\/beyondbeautyandstyle","social_googleplus_link":"plus.google.com\/+ShullundiaBell","social_pinterest_link":"https:\/\/pinterest.com\/shullundiab","social_instagram_link":"http:\/\/instagram.com\/shullundiabell","social_tumblr_link":"http:\/\/shullundiabell.tumblr.com","social_snapchat_link":"http:\/\/www.snapchat.com\/add\/shullundiabell","social_youtube_link":"http:\/\/www.youtube.com\/shullundiabell","social_vimeo_link":"http:\/\/vimeo.com\/shullundiabell","catalog_mode":"","product_addtocart_ajax":"1","shop_header_height":"450","shop_header_style":"","shop_header_bg":"","shop_second_image":"1","shop_quick_view":"1","shop_collection":"2","shop_review":"1","shop_addtocart":"","shop_sale_percentages":"1","product_size_chart":"","product_wishlist":"wish-list","product_swatch_color":true,"product_swatch_size":true,"cookie_popup":true,"cookie_message":"This website uses cookies to ensure you get the best experience on our website","cookie_button":"Got it!","popup_mailchimp_show":true,"popup_mailchimp_sb":false,"popup_mailchimp_action":"https:\/\/shullundiabell.us11.list-manage.com\/subscribe\/post?u=3a044139d685bcd4bf52eda9a&amp;id=d8eda25b1d","popup_mailchimp_period":"1","popup_mailchimp_delay":"1","popup_mailchimp_img":"","notify_product":true,"notify_product_collection":"boss-collection","notify_product_limit":10,"notify_product_title":"Someone liked:","notify_product_delay":10,"notify_product_display":5,"fbchat_enable":true,"fbchat_title":"How can we help you?","fbchat_page":"https:\/\/www.facebook.com\/beyondbeautyandstyle","fbchat_timeline":true,"fbchat_events":true,"fbchat_position":"right","checkout_header_image":"","checkout_logo_image":"shopify:\/\/shop_images\/BEYOND_final_2.png","checkout_logo_position":"center","checkout_logo_size":"large","checkout_body_background_image":"","checkout_body_background_color":"#fff","checkout_input_background_color_mode":"white","checkout_sidebar_background_image":"","checkout_sidebar_background_color":"#fafafa","checkout_heading_font":"Helvetica Neue","checkout_body_font":"Helvetica Neue","checkout_accent_color":"#e3c32d","checkout_button_color":"#c61919","checkout_error_color":"#140d0d","general_nav_social":"","sections":{"header":{"type":"header","settings":{"header_style":"2","main_logo":"shopify:\/\/shop_images\/BEYOND_final_2.png","main_logo_retina":"shopify:\/\/shop_images\/BEYOND_final_2.png","main_logo_dark":"","main_logo_dark_retina":"","sticky_logo":"","sticky_logo_retina":"","header_menu":"main-menu","menu_trigger":"3","header_contact":"1","header_contact_icon":"1","header_contact_subtitle":"Need Help?","header_contact_title":"1-318-303-6522","header_search":"1","header_search_mobile":"1","header_search_featured":"boss-collection","header_search_limit":"3","header_currency":"1","currency_format":"money_format","supported_currencies":"USD EUR CAD","default_currency":"USD","header_social":"1","header_social_content":"[social icons=\"twitter,facebook,pinterest\"]","header_sticky":"1","header_sticky_scroll":"1","header_sticky_mobile":""}},"footer":{"type":"footer","settings":{"footer_area":"6","footer_1_align":"left-align","footer_1_content":"[linklist handle=\"collections\"]","footer_2_align":"left-align","footer_2_content":"[linklist handle=\"footer\"]","footer_3_align":"left-align","footer_3_content":"[linklist handle=\"my-account\"]","footer_4_align":"right-align","footer_4_content":"","footer_5_align":"left-align","footer_5_content":"","footer_instagram":"1","footer_instagram_username":"shullundiabell","footer_instagram_token":"466075307.1677ed0.87a19f13f3c8425eacb8c0ddf2994849","footer_instagram_limit":7,"footer_social":"1","footer_social_content":"[social icons=\"twitter,facebook,pinterest,instagram\"]","footer_copyright":"© 2017 - Beyond Beauty and Style and Shullundia Bell"}},"cart-template":{"type":"cart-template","settings":{"cart_notes":"1"}},"blog-template":{"type":"blog-template","blocks":{"1489239262801":{"type":"posts","settings":{"heading":"Recent Posts","blog":"news","limit":5}},"1489239280912":{"type":"tags","settings":{"heading":"Tags"}},"1489239288207":{"type":"text","settings":{"heading":"Talk about your brand","text":"<p>Use this text to share information about your brand with your customers. Describe a product, share announcements, or welcome customers to your store.<\/p>"}},"1501766456941":{"type":"image","settings":{"heading":"","image":"","link":"shopify:\/\/collections\/all"}}},"block_order":["1489239262801","1489239280912","1489239288207","1501766456941"],"settings":{"blog_layout":"1","blog_design":"classic","blog_date":"1"}},"article-template":{"type":"article-template","blocks":{"1489239474051":{"type":"text","settings":{"heading":"Talk about your brand","text":"<p>Use this text to share information about your brand with your customers. Describe a product, share announcements, or welcome customers to your store.<\/p>"}},"1489239479268":{"type":"posts","settings":{"heading":"Featured Posts","blog":"news","limit":3}},"1489239488060":{"type":"tags","settings":{"heading":"Tags"}}},"block_order":["1489239474051","1489239479268","1489239488060"],"settings":{"article_layout":"","blog_author":"1","blog_date":"1","blog_sharing":"1"}},"collection-template":{"type":"collection-template","blocks":{"1489168599827":{"type":"collections","settings":{"heading":""}},"1501560794301":{"type":"filter","settings":{"heading":"Filter by Color","values":"Avocado, \nBeige,\nBrown Rust,\nEden,\nFuscous Gray,\nJava,\nJet Stream,\nLimed Ash,\nLimed Spruce,\nMako,\nMischka,\nObservatory,\nOuter Space,\nPadua,\nPutty,\nQuicksand,\nSiam,\nTeak,\nTeal,\nTower Gray,\nBlack","type":"background","multi_choice":true}},"1501570935111":{"type":"filter","settings":{"heading":"Filter by Size","values":"S,\nM,\nL,\nXL","type":"normal","multi_choice":false}},"1501571156407":{"type":"filter","settings":{"heading":"Filter by Price","values":"$100 - $200,\nAbove $200,\nUnder $100","type":"checkbox","multi_choice":false}},"1501570593752":{"type":"filter","settings":{"heading":"Filter by Brand","values":"adidas,\nBenetton,\nBodycon,\nBuffalo","type":"dropdown","multi_choice":false}},"1503327523402":{"type":"filter","settings":{"heading":"Filter by Type","values":"Asymmetric,\nBalance,\nBandeau,\nBlanket,\nboots,\nCrop Top,\ndresses","type":"normal","multi_choice":false}},"1503327573319":{"type":"filter","settings":{"heading":"Filter by Material","values":"Cotton,\nFaux,\nFlannel,\nFleece,\nkhaki,\nLeather,\nRibbed,\nShearling","type":"normal","multi_choice":false}},"1489168609373":{"type":"products","settings":{"heading":"Featured Products","collection":"","limit":3}},"1501560100738":{"type":"image","settings":{"heading":"","image":"","link":"shopify:\/\/collections\/clothing"}}},"block_order":["1489168599827","1501560794301","1501570935111","1501571156407","1501570593752","1503327523402","1503327573319","1489168609373","1501560100738"],"settings":{"shop_sidebar":"1","shop_pagination":"2","shop_products_row":4,"shop_rows_page":2,"shop_description":"","shop_image":"2"}},"search-template":{"type":"search-template","settings":{"shop_pagination":"2","shop_products_row":4,"shop_rows_page":2,"shop_image":"1"}},"page-contact-template":{"type":"page-contact-template","settings":{"map_address":"80 Spadina Ave, Toronto","api_key":"AIzaSyCSwjppfvWyMU0NIeXg0m4OTCdN5HZGyf0","map_our_address":"1","map_our_address_label":"OUR ADDRESS","map_our_address_text":"<h5>New York<\/h5>\r\n<p>1-800-333-42-63<br> 67 2nd House RD Montauk, NY, 11954<br>\r\n  <a href=\"mailto:ny@evashop.com\">ny@evashop.com<\/a>\r\n<\/p>\r\n<h5>San Francisco<\/h5>\r\n<p>1-800-444-23-54<br> 1 Infinite Loop Cupertino<br> CA 95014<br>\r\n  <a href=\"mailto:sf@evashop.com\">sf@evashop.com<\/a>\r\n<\/p>","map_opening_hours":"1","map_opening_hours_label":"OPENING HOURS","map_opening_hours_text":"<p>\r\n  <strong>Monday to Friday<\/strong>: 10am to 6pm<br>\r\n  <strong>Saturday<\/strong>: 10am to 4pm<br>\r\n  <strong>Sunday<\/strong>: 12am t0 4pm\r\n<\/p>"}},"collection-list":{"type":"collection-list","settings":{"columns":4,"hover":"perspective_hover"}},"product-template":{"type":"product-template","settings":{"product_design":"default","product_gallery_zoom":"1","product_lightbox":"1","product_sharing":"1","product_message":"<p><strong>This is a Demo Online Store. No orders shall be fulfilled.<\/strong><\/p>","product_upsells":"","product_upsells_limit":8,"product_related_products":"1","product_related_products_limit":6,"product_related_products_view":5}},"page-about-template":{"type":"page-about-template","blocks":{"1491476595649":{"type":"introduction","settings":{"image":"","image_height":"500","image_position":"left","background":"#f3f3f3","heading":"01","heading_color":"#ffffff","subheading":"WHO WE ARE","subheading_color":"#000000","content":"<p style=\"font-size: 20px;\">Pour-over art party fashion axe, coloring book poutine bitters tacos yr craft beer vexillologist chartreuse activated charcoal hot chicken food truck. La croix cronut kogi, kale chips master cleanse sriracha 8-bit messenger bag fam. +1 art party quinoa waistcoat, ugh tilde pickled scenester keytar vice subway tile affogato craft beer. Brooklyn etsy jianbing hammock man bun fanny pack, marfa lo-fi locavore tilde trust fund la croix.<\/p>\r\n<p style=\"font-size: 20px;\">Schlitz gastropub chicharrones beard enamel pin raw denim activated charcoal swag, health goth humblebrag edison bulb. Pickled etsy crucifix lumbersexual waistcoat selfies brooklyn, tilde hashtag poke aesthetic tofu intelligentsia coloring book. Copper mug chambray waistcoat, freegan gastropub edison bulb VHS slow-carb sartorial.<\/p>\r\n<div class=\"empty_space\" style=\"height:30px;\"><span class=\"empty_space_inner\"><\/span><\/div>\r\n<div class=\"vc_single_image-wrapper   vc_box_border_grey\"><img src=\"\/\/cdn.shopify.com\/s\/files\/1\/1801\/2127\/files\/about-sign_175x.png\" alt=\"about-sign\" title=\"about-sign\"><\/div>","content_color":"#000000"}},"1491481487444":{"type":"team","settings":{"heading":"MEET OUR TEAM","subheading":"THE RIGHT PEOPLE FOR YOUR PROJECT"}},"1491476673171":{"type":"introduction","settings":{"image":"","image_height":"500","image_position":"right","background":"#f3f3f3","heading":"02","heading_color":"#ffffff","subheading":"WHAT WE DO","subheading_color":"#000000","content":"<p style=\"font-size: 20px;\">Keytar letterpress tacos, retro affogato bicycle rights tattooed chicharrones poke typewriter butcher. Post-ironic distillery pitchfork, organic try-hard venmo lo-fi copper mug tbh raw denim. Humblebrag locavore cornhole williamsburg mlkshk mumblecore photo booth, knausgaard fixie tilde deep v echo park whatever seitan. Jianbing snackwave waistcoat hell of, marfa prism slow-carb mustache gastropub poke you probably haven’t heard of them fanny pack hot chicken brunch 3 wolf moon.<\/p>\r\n<p style=\"font-size: 20px;\">Gochujang tote bag marfa pop-up, cliche small batch photo booth slow-carb farm-to-table crucifix put a bird on it fam quinoa chicharrones brooklyn. Typewriter pop-up gastropub cray, disrupt small batch seitan.<\/p>","content_color":"#000000"}},"1491481508365":{"type":"member","settings":{"image":"","heading":"EVA SMITH","subheading":"CREATIVE DIRECTOR"}},"1491481557966":{"type":"member","settings":{"image":"","heading":"KEVIN JONES","subheading":"OFFICE MANAGER"}},"1491481584137":{"type":"member","settings":{"image":"","heading":"JOHN DOW","subheading":"SALES MANAGER"}}},"block_order":["1491476595649","1491481487444","1491476673171","1491481508365","1491481557966","1491481584137"],"settings":{}},"page-faqs-template":{"type":"page-faqs-template","blocks":{"1491488453218":{"type":"text","settings":{"content":"<p style=\"font-size: 21px;\"><span style=\"color: #555555;\">The <em>Toggles<\/em> element shows multiple products sharing the same category. For example, you can set up a list of products only and it can be inserted into any page or post.<\/span><\/p>"}},"1491488500980":{"type":"faq","settings":{"question":"What is your international returns policy?","answer":"<p>Lorem ipsum dolor sit amet, consectetur adipiscing elit. Praesent in accumsan dui. Donec imperdiet, nisl non pharetra convallis, nunc sapien laoreet massa, ac elementum arcu neque vitae enim. Praesent convallis leo est, scelerisque tincidunt magna ultricies eu. Ut placerat est a eros faucibus feugiat. Nullam a urna sit amet sem porttitor malesuada a quis nibh. In hac habitasse platea dictumst. Donec sit amet auctor leo. Sed venenatis posuere risus quis dictum. Vivamus ullamcorper orci vitae eros tincidunt, a aliquet lacus dapibus. Sed consectetur, est vel tincidunt imperdiet, justo est dignissim lorem, nec tincidunt lacus lacus ac risus. Cras pretium enim nec vestibulum aliquam. Vestibulum ante ipsum primis in faucibus orci luctus et ultrices posuere cubilia Curae;<\/p>\r\n<p>Nam vitae viverra ex. Sed dictum mollis ultricies. Cras lobortis viverra dapibus. Suspendisse ornare metus arcu, sit amet imperdiet sem lacinia eget. Maecenas vitae porttitor quam. Cras lacinia sollicitudin felis, sit amet laoreet leo ornare vestibulum. Ut fermentum pulvinar lorem, vel consequat leo euismod ac. Cras pulvinar sit amet lorem nec egestas. Vivamus gravida eu felis in elementum. In nec pretium neque. Mauris dictum risus ut elit tristique dictum. Etiam tempor leo libero, ac commodo diam bibendum ut. Integer non dapibus diam. Morbi feugiat, mauris ut placerat faucibus, velit urna fermentum eros, venenatis finibus velit lorem vitae nulla.<\/p>"}},"1491490190139":{"type":"faq","settings":{"question":"How can I find your international delivery policy?","answer":"<p>Praesent vitae venenatis dolor. Aenean egestas lacinia risus, id mattis massa interdum fringilla. Sed dictum sem at enim suscipit, eget aliquet tortor finibus. Integer pharetra, velit ut posuere interdum, orci ante feugiat mi, sit amet pulvinar dui mi ut leo. Quisque eu scelerisque risus. Aliquam sollicitudin, velit sed bibendum lobortis, ipsum odio laoreet leo, at consectetur tortor justo semper lectus. Nulla non eros eget urna pulvinar scelerisque in vel lacus. Donec suscipit dolor vitae mauris sagittis condimentum.<\/p>\r\n<p>Duis feugiat vehicula metus, accumsan efficitur ante bibendum a. Fusce ultrices justo at leo consectetur faucibus a vitae ante. Etiam eget rutrum quam. Proin pulvinar libero tempor, porta nunc eget, rhoncus nulla. In ac mauris non risus aliquam euismod ac et erat. Vestibulum vitae faucibus ante.<\/p>"}},"1491490244300":{"type":"faq","settings":{"question":"What should I do if my order hasn't been delivered yet?","answer":"<p>Nam vitae viverra ex. Sed dictum mollis ultricies. Cras lobortis viverra dapibus. Suspendisse ornare metus arcu, sit amet imperdiet sem lacinia eget. Maecenas vitae porttitor quam. Cras lacinia sollicitudin felis, sit amet laoreet leo ornare vestibulum. Ut fermentum pulvinar lorem, vel consequat leo euismod ac. Cras pulvinar sit amet lorem nec egestas. Vivamus gravida eu felis in elementum. In nec pretium neque. Mauris dictum risus ut elit tristique dictum. Etiam tempor leo libero, ac commodo diam bibendum ut. Integer non dapibus diam. Morbi feugiat, mauris ut placerat faucibus, velit urna fermentum eros, venenatis finibus velit lorem vitae nulla.<\/p>"}},"1491490256236":{"type":"faq","settings":{"question":"How can I get a new returns note?","answer":"<p>Cras lacinia sollicitudin felis, sit amet laoreet leo ornare vestibulum. Ut fermentum pulvinar lorem, vel consequat leo euismod ac. Cras pulvinar sit amet lorem nec egestas. Vivamus gravida eu felis in elementum. In nec pretium neque. Mauris dictum risus ut elit tristique dictum.<\/p>\r\n<p>Etiam tempor leo libero, ac commodo diam bibendum ut. Integer non dapibus diam. Morbi feugiat, mauris ut placerat faucibus, velit urna fermentum eros, venenatis finibus velit lorem vitae nulla.<\/p>"}},"1491490277072":{"type":"faq","settings":{"question":"I'm an international customer, have you received my returned items?","answer":"<p>Praesent vitae venenatis dolor. Aenean egestas lacinia risus, id mattis massa interdum fringilla. Sed dictum sem at enim suscipit, eget aliquet tortor finibus. Integer pharetra, velit ut posuere interdum, orci ante feugiat mi, sit amet pulvinar dui mi ut leo. Quisque eu scelerisque risus. Aliquam sollicitudin, velit sed bibendum lobortis, ipsum odio laoreet leo, at consectetur tortor justo semper lectus. Nulla non eros eget urna pulvinar scelerisque in vel lacus. Donec suscipit dolor vitae mauris sagittis condimentum. Duis feugiat vehicula metus, accumsan efficitur ante bibendum a. Fusce ultrices justo at leo consectetur faucibus a vitae ante. Etiam eget rutrum quam. Proin pulvinar libero tempor, porta nunc eget, rhoncus nulla. In ac mauris non risus aliquam euismod ac et erat. Vestibulum vitae faucibus ante.<\/p>\r\n<p>Etiam facilisis, libero ac venenatis dignissim, magna nisl viverra lectus, sit amet iaculis dolor lorem eget urna. Cras ac gravida nunc, nec eleifend sapien. Suspendisse potenti. Vestibulum tincidunt purus quis sollicitudin iaculis. Quisque ligula diam, eleifend eget vulputate quis, dictum nec justo. Maecenas vel gravida neque. Fusce scelerisque velit et leo imperdiet, sit amet elementum arcu congue. Sed non ullamcorper nibh, eget lacinia justo.<\/p>"}},"1491490334493":{"type":"line","settings":{}},"1491490339111":{"type":"heading","settings":{"content":"PRODUCT DELIVERY"}},"1491490354191":{"type":"text","settings":{"content":"<p>Sed consectetur, est vel tincidunt imperdiet, justo est dignissim lorem, nec tincidunt lacus lacus ac risus. Cras pretium enim nec vestibulum aliquam. Vestibulum ante ipsum primis in faucibus orci luctus et ultrices posuere cubilia Curae<\/p>"}},"1491490358287":{"type":"faq","settings":{"question":"How can I get a new returns note?","answer":"<p>Cras lacinia sollicitudin felis, sit amet laoreet leo ornare vestibulum. Ut fermentum pulvinar lorem, vel consequat leo euismod ac. Cras pulvinar sit amet lorem nec egestas. Vivamus gravida eu felis in elementum. In nec pretium neque. Mauris dictum risus ut elit tristique dictum.<\/p>\r\n<p>Etiam tempor leo libero, ac commodo diam bibendum ut. Integer non dapibus diam. Morbi feugiat, mauris ut placerat faucibus, velit urna fermentum eros, venenatis finibus velit lorem vitae nulla.<\/p>"}},"1491490380056":{"type":"faq","settings":{"question":"How can I find your international delivery policy?","answer":"<p>Praesent vitae venenatis dolor. Aenean egestas lacinia risus, id mattis massa interdum fringilla. Sed dictum sem at enim suscipit, eget aliquet tortor finibus. Integer pharetra, velit ut posuere interdum, orci ante feugiat mi, sit amet pulvinar dui mi ut leo. Quisque eu scelerisque risus. Aliquam sollicitudin, velit sed bibendum lobortis, ipsum odio laoreet leo, at consectetur tortor justo semper lectus. Nulla non eros eget urna pulvinar scelerisque in vel lacus. Donec suscipit dolor vitae mauris sagittis condimentum.<\/p><p>Duis feugiat vehicula metus, accumsan efficitur ante bibendum a. Fusce ultrices justo at leo consectetur faucibus a vitae ante. Etiam eget rutrum quam. Proin pulvinar libero tempor, porta nunc eget, rhoncus nulla. In ac mauris non risus aliquam euismod ac et erat. Vestibulum vitae faucibus ante.<\/p>"}},"1491490397433":{"type":"faq","settings":{"question":"What is your international returns policy?","answer":"<p>Lorem ipsum dolor sit amet, consectetur adipiscing elit. Praesent in accumsan dui. Donec imperdiet, nisl non pharetra convallis, nunc sapien laoreet massa, ac elementum arcu neque vitae enim. Praesent convallis leo est, scelerisque tincidunt magna ultricies eu. Ut placerat est a eros faucibus feugiat. Nullam a urna sit amet sem porttitor malesuada a quis nibh. In hac habitasse platea dictumst. Donec sit amet auctor leo. Sed venenatis posuere risus quis dictum. Vivamus ullamcorper orci vitae eros tincidunt, a aliquet lacus dapibus. Sed consectetur, est vel tincidunt imperdiet, justo est dignissim lorem, nec tincidunt lacus lacus ac risus. Cras pretium enim nec vestibulum aliquam. Vestibulum ante ipsum primis in faucibus orci luctus et ultrices posuere cubilia Curae;<\/p><p>Nam vitae viverra ex. Sed dictum mollis ultricies. Cras lobortis viverra dapibus. Suspendisse ornare metus arcu, sit amet imperdiet sem lacinia eget. Maecenas vitae porttitor quam. Cras lacinia sollicitudin felis, sit amet laoreet leo ornare vestibulum. Ut fermentum pulvinar lorem, vel consequat leo euismod ac. Cras pulvinar sit amet lorem nec egestas. Vivamus gravida eu felis in elementum. In nec pretium neque. Mauris dictum risus ut elit tristique dictum. Etiam tempor leo libero, ac commodo diam bibendum ut. Integer non dapibus diam. Morbi feugiat, mauris ut placerat faucibus, velit urna fermentum eros, venenatis finibus velit lorem vitae nulla.<\/p>"}},"1491490414731":{"type":"faq","settings":{"question":"What should I do if my order hasn't been delivered yet?","answer":"<p>Nam vitae viverra ex. Sed dictum mollis ultricies. Cras lobortis viverra dapibus. Suspendisse ornare metus arcu, sit amet imperdiet sem lacinia eget. Maecenas vitae porttitor quam. Cras lacinia sollicitudin felis, sit amet laoreet leo ornare vestibulum. Ut fermentum pulvinar lorem, vel consequat leo euismod ac. Cras pulvinar sit amet lorem nec egestas. Vivamus gravida eu felis in elementum. In nec pretium neque. Mauris dictum risus ut elit tristique dictum. Etiam tempor leo libero, ac commodo diam bibendum ut. Integer non dapibus diam. Morbi feugiat, mauris ut placerat faucibus, velit urna fermentum eros, venenatis finibus velit lorem vitae nulla.<\/p>"}},"1491490427401":{"type":"faq","settings":{"question":"I'm an international customer, have you received my returned items?","answer":"<p>Praesent vitae venenatis dolor. Aenean egestas lacinia risus, id mattis massa interdum fringilla. Sed dictum sem at enim suscipit, eget aliquet tortor finibus. Integer pharetra, velit ut posuere interdum, orci ante feugiat mi, sit amet pulvinar dui mi ut leo. Quisque eu scelerisque risus. Aliquam sollicitudin, velit sed bibendum lobortis, ipsum odio laoreet leo, at consectetur tortor justo semper lectus. Nulla non eros eget urna pulvinar scelerisque in vel lacus. Donec suscipit dolor vitae mauris sagittis condimentum. Duis feugiat vehicula metus, accumsan efficitur ante bibendum a. Fusce ultrices justo at leo consectetur faucibus a vitae ante. Etiam eget rutrum quam. Proin pulvinar libero tempor, porta nunc eget, rhoncus nulla. In ac mauris non risus aliquam euismod ac et erat. Vestibulum vitae faucibus ante.<\/p><p>Etiam facilisis, libero ac venenatis dignissim, magna nisl viverra lectus, sit amet iaculis dolor lorem eget urna. Cras ac gravida nunc, nec eleifend sapien. Suspendisse potenti. Vestibulum tincidunt purus quis sollicitudin iaculis. Quisque ligula diam, eleifend eget vulputate quis, dictum nec justo. Maecenas vel gravida neque. Fusce scelerisque velit et leo imperdiet, sit amet elementum arcu congue. Sed non ullamcorper nibh, eget lacinia justo.<\/p>"}},"1491490465347":{"type":"line","settings":{}},"1491490468211":{"type":"heading","settings":{"content":"SHIPPING, RETURNS AND EXCHANGES"}},"1491490471821":{"type":"text","settings":{"content":"<p>Vestibulum ante ipsum primis in faucibus orci luctus et ultrices posuere cubilia Curae. Vivamus ullamcorper orci vitae eros tincidunt, a aliquet lacus dapibus. Sed consectetur, est vel tincidunt imperdiet, justo est dignissim lorem, nec tincidunt lacus lacus ac risus. Cras pretium enim nec vestibulum aliquam.<\/p>"}},"1491490479347":{"type":"faq","settings":{"question":"I'm an international customer, have you received my returned items?","answer":"<p>Praesent vitae venenatis dolor. Aenean egestas lacinia risus, id mattis massa interdum fringilla. Sed dictum sem at enim suscipit, eget aliquet tortor finibus. Integer pharetra, velit ut posuere interdum, orci ante feugiat mi, sit amet pulvinar dui mi ut leo. Quisque eu scelerisque risus. Aliquam sollicitudin, velit sed bibendum lobortis, ipsum odio laoreet leo, at consectetur tortor justo semper lectus. Nulla non eros eget urna pulvinar scelerisque in vel lacus. Donec suscipit dolor vitae mauris sagittis condimentum. Duis feugiat vehicula metus, accumsan efficitur ante bibendum a. Fusce ultrices justo at leo consectetur faucibus a vitae ante. Etiam eget rutrum quam. Proin pulvinar libero tempor, porta nunc eget, rhoncus nulla. In ac mauris non risus aliquam euismod ac et erat. Vestibulum vitae faucibus ante.<\/p><p>Etiam facilisis, libero ac venenatis dignissim, magna nisl viverra lectus, sit amet iaculis dolor lorem eget urna. Cras ac gravida nunc, nec eleifend sapien. Suspendisse potenti. Vestibulum tincidunt purus quis sollicitudin iaculis. Quisque ligula diam, eleifend eget vulputate quis, dictum nec justo. Maecenas vel gravida neque. Fusce scelerisque velit et leo imperdiet, sit amet elementum arcu congue. Sed non ullamcorper nibh, eget lacinia justo.<\/p>"}},"1491490497166":{"type":"faq","settings":{"question":"How can I find your international delivery policy?","answer":"<p>Praesent vitae venenatis dolor. Aenean egestas lacinia risus, id mattis massa interdum fringilla. Sed dictum sem at enim suscipit, eget aliquet tortor finibus. Integer pharetra, velit ut posuere interdum, orci ante feugiat mi, sit amet pulvinar dui mi ut leo. Quisque eu scelerisque risus. Aliquam sollicitudin, velit sed bibendum lobortis, ipsum odio laoreet leo, at consectetur tortor justo semper lectus. Nulla non eros eget urna pulvinar scelerisque in vel lacus. Donec suscipit dolor vitae mauris sagittis condimentum.<\/p><p>Duis feugiat vehicula metus, accumsan efficitur ante bibendum a. Fusce ultrices justo at leo consectetur faucibus a vitae ante. Etiam eget rutrum quam. Proin pulvinar libero tempor, porta nunc eget, rhoncus nulla. In ac mauris non risus aliquam euismod ac et erat. Vestibulum vitae faucibus ante.<\/p>"}},"1491490513412":{"type":"faq","settings":{"question":"What should I do if my order hasn't been delivered yet?","answer":"<p>Nam vitae viverra ex. Sed dictum mollis ultricies. Cras lobortis viverra dapibus. Suspendisse ornare metus arcu, sit amet imperdiet sem lacinia eget. Maecenas vitae porttitor quam. Cras lacinia sollicitudin felis, sit amet laoreet leo ornare vestibulum. Ut fermentum pulvinar lorem, vel consequat leo euismod ac. Cras pulvinar sit amet lorem nec egestas. Vivamus gravida eu felis in elementum. In nec pretium neque. Mauris dictum risus ut elit tristique dictum. Etiam tempor leo libero, ac commodo diam bibendum ut. Integer non dapibus diam. Morbi feugiat, mauris ut placerat faucibus, velit urna fermentum eros, venenatis finibus velit lorem vitae nulla.<\/p>"}},"1491490526404":{"type":"faq","settings":{"question":"What is your international returns policy?","answer":"<p>Lorem ipsum dolor sit amet, consectetur adipiscing elit. Praesent in accumsan dui. Donec imperdiet, nisl non pharetra convallis, nunc sapien laoreet massa, ac elementum arcu neque vitae enim. Praesent convallis leo est, scelerisque tincidunt magna ultricies eu. Ut placerat est a eros faucibus feugiat. Nullam a urna sit amet sem porttitor malesuada a quis nibh. In hac habitasse platea dictumst. Donec sit amet auctor leo. Sed venenatis posuere risus quis dictum. Vivamus ullamcorper orci vitae eros tincidunt, a aliquet lacus dapibus. Sed consectetur, est vel tincidunt imperdiet, justo est dignissim lorem, nec tincidunt lacus lacus ac risus. Cras pretium enim nec vestibulum aliquam. Vestibulum ante ipsum primis in faucibus orci luctus et ultrices posuere cubilia Curae;<\/p><p>Nam vitae viverra ex. Sed dictum mollis ultricies. Cras lobortis viverra dapibus. Suspendisse ornare metus arcu, sit amet imperdiet sem lacinia eget. Maecenas vitae porttitor quam. Cras lacinia sollicitudin felis, sit amet laoreet leo ornare vestibulum. Ut fermentum pulvinar lorem, vel consequat leo euismod ac. Cras pulvinar sit amet lorem nec egestas. Vivamus gravida eu felis in elementum. In nec pretium neque. Mauris dictum risus ut elit tristique dictum. Etiam tempor leo libero, ac commodo diam bibendum ut. Integer non dapibus diam. Morbi feugiat, mauris ut placerat faucibus, velit urna fermentum eros, venenatis finibus velit lorem vitae nulla.<\/p>"}},"1491490541645":{"type":"faq","settings":{"question":"How can I get a new returns note?","answer":"<p>Cras lacinia sollicitudin felis, sit amet laoreet leo ornare vestibulum. Ut fermentum pulvinar lorem, vel consequat leo euismod ac. Cras pulvinar sit amet lorem nec egestas. Vivamus gravida eu felis in elementum. In nec pretium neque. Mauris dictum risus ut elit tristique dictum.<\/p><p>Etiam tempor leo libero, ac commodo diam bibendum ut. Integer non dapibus diam. Morbi feugiat, mauris ut placerat faucibus, velit urna fermentum eros, venenatis finibus velit lorem vitae nulla.<\/p>"}}},"block_order":["1491488453218","1491488500980","1491490190139","1491490244300","1491490256236","1491490277072","1491490334493","1491490339111","1491490354191","1491490358287","1491490380056","1491490397433","1491490414731","1491490427401","1491490465347","1491490468211","1491490471821","1491490479347","1491490497166","1491490513412","1491490526404","1491490541645"],"settings":{}},"mega-menu":{"type":"mega-menu","blocks":{"1501220334032":{"type":"menu_item","settings":{"menu_text":"Home","menu_link":"https:\/\/rt-eva.myshopify.com\/","submenu_width":"230px","linklist":"","submenu_bg_color":""}},"1501225378733":{"type":"menu_mega_item","settings":{"menu_text":"Shop","menu_link":"\/collections\/all","colum_width":"3","submenu_width":"700px","linklist":"","submenu_bg_color":"","submenu_bg_image":""}},"1501224996903":{"type":"menu_item","settings":{"menu_text":"Pages","menu_link":"#","submenu_width":"220px","linklist":"","submenu_bg_color":""}},"1501225235963":{"type":"menu_item","settings":{"menu_text":"Blog","menu_link":"\/blogs\/news","submenu_width":"220px","linklist":"","submenu_bg_color":""}},"1501225259805":{"type":"menu_item","settings":{"menu_text":"Contact","menu_link":"\/pages\/contact-us","submenu_width":"250px","linklist":"","submenu_bg_color":""}},"1501225272704":{"type":"menu_item","settings":{"menu_text":"Buy now","menu_link":"https:\/\/themeforest.net\/item\/eva-responsive-dragdrop-shopify-theme\/19729920?ref=roartheme","submenu_width":"250px","linklist":"","submenu_bg_color":""}}},"block_order":["1501220334032","1501225378733","1501224996903","1501225235963","1501225259805","1501225272704"],"settings":{"megamenu_enable":true}},"1502180476434":{"type":"index-gap-header","settings":{}},"1502199658213":{"type":"index-slideshow","blocks":{"1502199658213-0":{"type":"image","settings":{"image":"shopify:\/\/shop_images\/business-people-walking-in-city.jpg","alignment":"top","alignment_text":"bottom","title":"Personal Style","title_shadow":"","title_size":"small","subheading":"NEW<br>TRENDS","subheading_shadow":"","subheading_size":"medium","link":"shopify:\/\/collections\/all","background":"#ffffff","color":"#000000"}},"1511550757613":{"type":"image","settings":{"image":"shopify:\/\/shop_images\/woman-shopping-for-clothes.jpg","alignment":"top","alignment_text":"bottom","title":"Fashion","title_shadow":"","title_size":"large","subheading":"Empowering Women Through Style","subheading_shadow":"","subheading_size":"small","link":"","background":"#ffffff","color":"#ffffff"}},"1511551780241":{"type":"image","settings":{"image":"shopify:\/\/shop_images\/model-poses-with-neon-reflection.jpg","alignment":"top","alignment_text":"bottom","title":"Effortless","title_shadow":"","title_size":"medium","subheading":"Magnetic Style","subheading_shadow":"","subheading_size":"small","link":"","background":"#ffffff","color":"#ffffff"}},"1511551791988":{"type":"image","settings":{"image":"shopify:\/\/shop_images\/stylish-woman-smiling.jpg","alignment":"top","alignment_text":"bottom","title":"Authentic","title_shadow":"","title_size":"medium","subheading":"Be True To Yourself","subheading_shadow":"","subheading_size":"small","link":"","background":"#ffffff","color":"#ffffff"}}},"block_order":["1502199658213-0","1511550757613","1511551780241","1511551791988"],"settings":{"autoplay":true,"autoplay_speed":"5000","slideshow_height":"medium","text_font":"nav_font","text_style":"style_2","slideshow_spinner":"0"}},"1502199755411":{"type":"index-gap","settings":{"height":"15"}},"1502199767113":{"type":"index-collections","blocks":{"1502199767113-0":{"type":"featured_collection","settings":{"collection":"authors-rock-slouch-t-shirt"}},"1502199767113-1":{"type":"featured_collection","settings":{"collection":"boss-collection"}},"1502199767113-2":{"type":"featured_collection","settings":{"collection":"confident-slouch-shirt"}},"1511776362139":{"type":"featured_collection","settings":{"collection":"best-selling-products"}},"1511776363943":{"type":"featured_collection","settings":{"collection":"after-5-party-collection"}}},"block_order":["1502199767113-0","1502199767113-1","1502199767113-2","1511776362139","1511776363943"],"settings":{"heading":"Our Collections","columns":3,"hover":"perspective_hover","layout":"slider","padding":"10%"}},"1502199846027":{"type":"index-gap","settings":{"height":"15"}},"1502199857876":{"type":"index-products","settings":{"heading":"Find Best Jewelry Within the boss collection","collection":"boss-collection","limit":6,"columns":3,"layout":"listing","background":"#f8f8f8","sidebar":"left","sidebar_height":"400","sidebar_image":"shopify:\/\/shop_images\/NYN2244CLEGD_Be_Boss_Neck.jpg"}},"1502200017932":{"type":"index-featured-products","blocks":{"1502200017932-0":{"type":"featured_product","settings":{"product":"embrace-your-curves-t-shirt","image":""}},"1502200017932-1":{"type":"featured_product","settings":{"product":"black-and-gold-beaded-raised-collar-necklace","image":""}},"1502200017932-2":{"type":"featured_product","settings":{"product":"gold-love-necklace","image":""}}},"block_order":["1502200017932-0","1502200017932-1","1502200017932-2"],"settings":{"heading":"","columns":3,"layout":"listing","style":"simple","background":"#ffffff"}},"1502200138223":{"type":"index-products","settings":{"heading":"Find Southern Belle Tee's Here!","collection":"authors-rock-slouch-t-shirt","limit":6,"columns":3,"layout":"listing","background":"#f8f8f8","sidebar":"right","sidebar_height":"400","sidebar_image":"shopify:\/\/shop_images\/stylish-woman-smiling.jpg"}},"1502200198914":{"type":"index-gap","settings":{"height":"40"}},"1502200210316":{"type":"index-products","settings":{"heading":"Tribal Gem Collection","collection":"confident-slouch-shirt","limit":20,"columns":5,"layout":"slider","background":"#f7f7f7","sidebar":"","sidebar_height":"","sidebar_image":""}},"1502200245414":{"type":"index-blog","settings":{"heading":"Latest News","blog":"news","limit":4,"layout":"slider"}},"1511774391277":{"type":"index-products","settings":{"heading":"Faux Fur Collection","collection":"faux-fur-collection","limit":20,"columns":4,"layout":"slider","background":"#ffffff","sidebar":"","sidebar_height":"","sidebar_image":""}}},"content_for_index":["1502180476434","1502199658213","1502199755411","1502199767113","1502199846027","1502200017932","1511774391277","1502199857876","1502200210316","1502200138223","1502200198914","1502200245414"]}}