{"current":{"menu_font_family":"Arial","description_font_family":"Arial","title_font_family":"Arial","button_font_family":"Arial","body_font_family":"Arial","color_primary":"#514f4f","color_secondary":"#bbb","color_borders":"#e5e5e5","header_bg":"#fffefd","menu_bg":"#ffffff","menu_color_primary":"#323232","menu_other_color_primary":"#1c1c1c","menu_submenu_color":"#000000","menu_submenu_color_hover":"#52a819","color_body_bg":"#ffffff","color_body_text":"#0b0b0b","home_product_bg_color":"#1c1c1c","color_footer_bg":"#ffffff","color_footer_text":"#000000","color_footer_text_heading":"#000000","color_footer_social_link":"#ffffff","color_footer_share_icon":"#9c9c9c","cart_button_bg":"#64b52e","cart_button_color":"#ffffff","logo_use_image":true,"logo_max_width":"300","favicon_enable":true,"menu_font_size":15,"sub_menu_font_size":15,"mobile_logo_size":"90%","header_background_mobile":"#ffffff","user_mobile_color":"#2e3638","checkout_mobile_color":"#5e8e3e","search_mobile_color":"#141414","bar_mobile_icon":"#2e3638","cartcount_mobile_color":"#ffffff","cartcount_bg_mobile_color":"#040404","header_strip":true,"header_strip_bg":"#011000","header_strip_color":"#ffffff","header_strip_text":"LIMITED TIME - FREE SHIPPING CANADA AND USA","header_strip_text_contact":"1 888 888 8888","header_strip_text_email":"yourstore@support.com","header_strip_text_link_name":"Contact us","header_strip_text_link_url":"https:\/\/workonthis9.myshopify.com\/collections\/all","header_strip_hide_mobile":false,"header_strip_hide_right_mobile":true,"search_page_disable_free_item":true,"menu_primary":"main-menu","mega_menu_enable_1":true,"megamenu_1_parent":"my shop","megamenu_1_column_1_title":"Men","megamenu_1_column_1_menu":"main-menu","megamenu_1_column_2_title":"Women","megamenu_1_column_2_menu":"footer","megamenu_1_column_3_title":"Kids","megamenu_1_column_3_menu":"main-menu","megamenu_1_column_4_title":"Accessories","megamenu_1_column_4_menu":"main-menu","megamenu_1_column_5_title":"Booster Theme Website","megamenu_1_image_1_url":"www.shopifybooster.com","show_multiple_currencies":true,"currency_format":"money_with_currency_format","supported_currencies":"INR GBP CAD USD AUD EUR JPY IDR","default_currency":"CAD","discount_popup_enable":true,"discount_popup_disable_mobile":false,"discount_popup_time":"1","discount_popup_title":"Wait!","discount_popup_description1":"We want to give you a","discount_popup_description2":"20% discount","discount_popup_description3":"for your first order.","discount_popup_description4":"Use this discount code","discount_popup_description5":"at the checkout -","discount_popup_description6":"20CODE","discount_popup_link_text":"Return to store","discount_border_color":"#ffffff","discount_bg_color":"#94c047","discount_normal_text_color":"#def9af","discount_bold_text_color":"#ffffff","popup_enable":true,"popup_ago_custom_time":true,"popup_disable_mobile":true,"popup_randomly_collection":"frontpage","buttom_message":"Someone purchased a","popup_message":"#000000","popup_product_title_olor":"#30c100","upsell_popup_enable_all":true,"disable_upsell_use_tag":true,"free_product_8":"apple-ipad-tablet-7-9-inch-32-gb-wi-fi-only-silver","upsell_headline_text_8":"Grab 2 & Get a free Iphone","yes_button_text_8":"YES! I WANT THIS SPECIAL OFFER1","not_button_text_8":"No Thanks, I just want one","quantity_upsell_8":"9","upsell_popup_color_8":"#151515","upsell_headline_color_8":"#c4c5c7","button_yes_color_8":"#f06f00","button_no_color_8":"#08ba07","upsell_popup_enable_1":false,"upsell_select_collection_1":"william-test","free_product_1":"apple-iphone-6-silver-16-gb","upsell_headline_text_1":"wGrab 2 & Get a free Keychain","yes_button_text_1":"YES! I WANT THIS SPECIAL OFFER1","not_button_text_1":"No Thanks, I just want one1","quantity_upsell_1":"2","upsell_popup_color_1":"#d32525","upsell_headline_color_1":"#84da12","button_yes_color_1":"#e16d08","button_no_color_1":"#7800a3","upsell_popup_enable_2":false,"upsell_select_collection_2":"iphone","free_product_2":"lg-optimus-g-pro-review","upsell_headline_text_2":"Grab 2 & Get a free Iphone","yes_button_text_2":"YES! I WANT THIS SPECIAL OFFER1","not_button_text_2":"No Thanks, I just want one","quantity_upsell_2":"2","upsell_popup_color_2":"#fec785","upsell_headline_color_2":"#f64000","button_yes_color_2":"#edd11f","button_no_color_2":"#b35504","upsell_popup_enable_3":false,"upsell_select_collection_3":"ipad","free_product_3":"copy-of-the-world-s-first-smartphone-with-a-2k-display-is-the-vivo-xplay-36","upsell_headline_text_3":"Grab 2 & Get a free Iphone","yes_button_text_3":"YES! I WANT THIS SPECIAL OFFER1","not_button_text_3":"No Thanks, I just want one","quantity_upsell_3":"2","upsell_popup_color_3":"#fe9797","upsell_headline_color_3":"#ff2502","button_yes_color_3":"#a2d80c","button_no_color_3":"#0b2092","upsell_popup_enable_4":false,"upsell_select_collection_4":"frontpage","free_product_4":"free-free-apple-iphone-6","upsell_headline_text_4":"Grab 2 & Get a free Iphone","yes_button_text_4":"YES! I WANT THIS SPECIAL OFFER1","not_button_text_4":"No Thanks, I just want one","quantity_upsell_4":"2","upsell_popup_color_4":"#f08d02","upsell_headline_color_4":"#88e683","button_yes_color_4":"#2bbf95","button_no_color_4":"#03502e","upsell_popup_enable_5":false,"upsell_select_collection_5":"lg","free_product_5":"free-free-apple-iphone-6-silver-16-gb","upsell_headline_text_5":"Grab 2 & Get a free Iphone","yes_button_text_5":"YES Thanks, I just want","not_button_text_5":"No Thanks, I just want one","quantity_upsell_5":"2","upsell_popup_color_5":"#b3d00a","upsell_headline_color_5":"#e6a200","button_yes_color_5":"#21629e","button_no_color_5":"#748106","upsell_popup_enable_6":false,"upsell_select_collection_6":"samsung","free_product_6":"free-free-apple-iphone-6-silver-16-gb","upsell_headline_text_6":"Grab 2 & Get a free Iphone","yes_button_text_6":"YES! I WANT THIS SPECIAL OFFER1","not_button_text_6":"No Thanks, I just want one","quantity_upsell_6":"10","upsell_popup_color_6":"#5d0079","upsell_headline_color_6":"#000000","button_yes_color_6":"#f42323","button_no_color_6":"#441111","upsell_popup_enable_7":false,"upsell_select_collection_7":"frontpage","free_product_7":"free-free-apple-iphone-6-silver-16-gb","upsell_headline_text_7":"Grab 2 & Get a free Iphone","yes_button_text_7":"YES! I WANT THIS SPECIAL OFFER1","not_button_text_7":"No Thanks, I just want one","quantity_upsell_7":"2","upsell_popup_color_7":"#d5a547","upsell_headline_color_7":"#021d4e","button_yes_color_7":"#94d20a","button_no_color_7":"#290d47","slideshowSpeed":"3000","slider_enable1":false,"slider_link1":"\/","slider_enable2":false,"slider_link2":"\/","slider_enable3":true,"slider_link3":"\/","slider_enable4":false,"slider_link4":"\/","featured_coll_enb":true,"enable_featured_title":true,"feature_collection_title":"Top categories","home_featured_collections_sort":"manual","collection_1":"frontpage","collection_2":"","collection_3":"","collection_4":"","collection_5":"","collection_6":"","home_featured_row1_enable":true,"home_featured_row1":"frontpage","home_featured_row1_number":"1","home_featured_row2_enable":true,"home_featured_row2":"frontpage","home_featured_row2_number":"4","home_featured_row3_enable":false,"home_featured_row3":"","home_featured_row3_number":"1","home_featured_row4_enable":false,"home_featured_row4":"","home_featured_row4_number":"1","collection_style":"collection_style_2","on_mobile_cal_set":"on_mobile_cal_set_row_two","home_products":"frontpage","home_feature_title":"Best seller","product_disposition_style":"product_disposition_style_one","on_mobile_set":"on_mobile_set_row_two","on_mobile_title_set":"on_mobile_title_set_line_full","home_page_text_limit":"30","cat_page_text_limit":"30","enable_product_variant_image":true,"product_grid_title_size":18,"productsale":"Sale","productsoldout":"Out sale","disable_sale_home":false,"sale_button_option":"sale_button_option_two","sale_button_option_one_color":"#94c047","sale_button_option__text_one_color":"#ffffff","buy_button_color":"#00e31c","buy_button_text_color":"#6d6262","comparePriceColor":"#547e06","video_title_color":"#0aa106","enable_video_1":true,"video_title_1":"What is Lorem Ipsum?","video_link_1":"<iframe src=\"https:\/\/player.vimeo.com\/video\/195433452?color=0AA106&title=0&byline=0&portrait=0\" width=\"640\" height=\"360\" frameborder=\"0\" webkitallowfullscreen mozallowfullscreen allowfullscreen><\/iframe>","video_text_1":"Lorem Ipsum is simply dummy text of the printing and typesetting industry. Lorem Ipsum has been the industry's standard dummy text ever since the 1500s, when an unknown printer took a galley of type and scrambled it to make a type specimen book. It has survived not only five centuries, but also the leap into electronic typesetting, remaining essentially unchanged. It was popularised in the 1960s with the release of Letraset sheets containing Lorem Ipsum passages, and more recently with desktop publishing software like Aldus PageMaker including versions of Lorem Ipsum.","enable_video_2":true,"video_title_2":"Why do we use it?","video_link_2":"<iframe src=\"https:\/\/player.vimeo.com\/video\/193358188?color=0aa106&title=0&byline=0&portrait=0\" width=\"640\" height=\"360\" frameborder=\"0\" webkitallowfullscreen mozallowfullscreen allowfullscreen><\/iframe>","video_text_2":"It is a long established fact that a reader will be distracted by the readable content of a page when looking at its layout. The point of using Lorem Ipsum is that it has a more-or-less normal distribution of letters, as opposed to using 'Content here, content here', making it look like readable English. Many desktop publishing packages and web page editors now use Lorem Ipsum as their default model text, and a search for 'lorem ipsum' will uncover many web sites still in their infancy. Various versions have evolved over the years, sometimes by accident, sometimes on purpose (injected humour and the like).","enable_product_progressbar":true,"enable_progressbar_text":true,"enable_progressbar_text_value":"Sale Ends Once The timer Hits Zero!","ProgressBar_bg_color":"#d80c0c","ProgressBar_timer_bg_color":"#52a819","add_to_cart_bg_color":"#52a819","add_to_cart_bg_color_hover":"#756b6b","add_to_cart_text_color":"#ffffff","add_to_cart_button_text":"BUY IT NOW !","add_to_cart_bg_color_zero":"#ded200","add_to_cart_bg_color_zero_hover":"#6e6d6d","add_to_cart_text_color_zero":"#ffffff","add_to_cart_button_text_zero_price":"Get It For Free+Shipping","counter_visitor_bg":"#52a819","counter_visitor_color":"#fffcfc","visitor_counter_text_before":"Real time","visitor_counter_text_after":"Visitor right now","visitor_counter_enable":true,"visitor_counter_before":false,"enable_image_zoom":true,"enable_image_carousel":true,"display_quantity_dropdown":true,"show_saved_amount":true,"show_compare_price":true,"show_related_products":true,"enable_read_more":true,"enable_default_variant":true,"show_breadcrumb":true,"enable_product_cart_skip":true,"redmore_bg_color":"#52a819","readmore_btn":"100%","move_product_title":"move_product_title_price","product_title_size":28,"product_description":true,"move_product_desc":"move_product_desc_timer","order_element1":"element_progress_bar","order_element2":"element_add_to_cart","order_element3":"element_timer","variant_on_mobile":true,"variant_swacth":"two","variant_swacth_back_color":"#52a819","variant_swacth_text_color":"#ffffff","social_sharing_products":true,"social_sharing_count":true,"social_sharing_style":"","share_facebook":true,"share_twitter":true,"share_pinterest":true,"share_fancy":true,"share_google":true,"enable_timer_stg_on":"enable_timer_stg_on","disable_timer_use_tag":true,"enable_timer_stg":"enable_timer_custom_cookies","timer_cookies_set_type":"timer_cookies_set_diff","enable_inventory_stock_number":"enable_inventory_stock_number_with_not_desc","enable_timer_reset_every_day":"22:00:00","enable_timer_top_message":true,"enable_timer_stg_custom":1000,"timer_top_message_value_before":"HURRY! ONLY","timer_top_message_value_num":1,"timer_top_message_value_after":"LEFT IN STOCK!","enable_timer_model":"timer_model2","footer_above_enable":true,"footer_above_header1":"Always Free Shipping USA","footer_above_text1":"You can put any information you want in this area","footer_above_header2":"Please Call Us For More Information","footer_above_text2":"You can put any information you want in this area","footer-4-heading":"ABOUT MY SHOP","footer-4-content":"It is a long established fact that a reader will be distracted by the readable content of a page when looking at its layout. The point of using Lorem Ipsum is that it has a more-or-less normal distribution of letters","footer_2_heading":"QUICK LINKS","footer":"footer","footer_newsletter_enable":true,"newletterbtncolor":"#737373","newsletter_form_action":"\/\/myshopify.us15.list-manage.com\/subscribe\/post?u=05386e22ed1d7bbf241742262&amp;id=abc400b962","footer_logo_enable":true,"footer_show_methods_of_payment":"true","pay_visa":true,"pay_master":true,"pay_american_express":true,"pay_paypal":true,"pay_diners_club":true,"pay_discover":true,"buttom-footer-4-heading":"Shopify Booster","buttom-footer-4-heading_link":"http:\/\/www.shopifybooster.com\/","buttom-footer-4-content":"Powered by Shopify","buttom-footer-4-content_link":"http:\/\/www.shopify.com\/","enable_back_to_top":true,"cart_notes_enable":true,"up_checkout_button_enable":true,"cart_vendor_enable":false,"checkout_bg_color":"#12ad20","ajax_cart_method":"ajaxify_cart","cart_enable":true,"cart_title":"Cart will expire in","cart_timer_minute":1500,"cart_timer_color":"#ff0000","cart_left_title":"We Gladly Accept","cart_right_title":"Secure Shopping","footer_social_enable":true,"social_twitter_link":"https:\/\/twitter.com\/shopify","social_facebook_link":"https:\/\/www.facebook.com\/shopifybooster","social_youtube_link":"https:\/\/www.youtube.com\/shopify","social_instagram_link":"https:\/\/www.instagram.com\/shopify","social_pinterest_link":"https:\/\/www.pinterest.com\/shopify","checkout_header_image":"","checkout_use_storefront_logo":false,"checkout_logo_image":"","checkout_logo_position":"center","checkout_logo_size":"medium","checkout_body_background_image":"","checkout_body_background_color":"#efefef","checkout_input_background_color_mode":"white","checkout_sidebar_background_image":"","checkout_sidebar_background_color":"#efefef","checkout_heading_font":"Helvetica Neue","checkout_body_font":"Helvetica Neue","checkout_accent_color":"#2f8f25","checkout_button_color":"#2f8f25","checkout_error_color":"#ff6d6d","product_image_size":"grande","disable_checkbox":true,"animationSpeed":"1500000","footer-0-content":"Call us at Call Us at (333) 123 456","footer-0-content_email":"yourstore@support.com","footer_box_border_enable":false,"footer_border_enable":false,"discount_popup_link":"","upsell_popup_enable_8":"1","upsell_popup_enable":false,"free_product":"gift-of-apple-iphone-6-silver-16-gb","upsell_headline_text":"Grab 2 & Get a free Keychain","yes_button_text":"YES! I WANT THIS SPECIAL OFFER","not_button_text":"No Thanks, I just want one","quantity_upsell":"2","upsell_popup_color":"#1a1a1a","upsell_headline_color":"#ffffff","button_yes_color":"#ff8806","button_no_color":"#f7f8f7","upsell_select_collection":"","continuous_shopping_enable":false,"product_left_type":"product_left_custom","twittercard_handle":"","header_strip_hide__right_mobile":true,"mega_menu_enable1":false,"megamenu_1_column_6_title":"product demo 2","megamenu_1_image_2_url":"","footer_3_heading":"SUPPORT","footer-1":"","footer_4_heading":"Privacy Policy","footer-2":"","checkout_use_header_image":false,"checkout_logo":"checkout_logo.png","checkout_use_body_background_image":false,"checkout_use_sidebar_background_image":false,"visitor_counter_text_left":"Real Time :","visitor_counter_text_right":"Visitors right now","product_every_interval_time":"5","new_product_every_interval_time":"5","button_text_no":"","button_no_text":"No Thanks, I just want one","enable_timer":"enable_timer2","timer_tag1":"Timer_1","timer_text1":"11","timer_1":"'09\/08\/2016 23:30:00'","timer_progress_1":"\"70%\"","timer_progress_color1":"#0aab19","timer_tag2":"Timer_2","timer_text2":"6","timer_2":"'04\/21\/2016 23:30:00'","timer_progress_2":"\"50%\"","timer_progress_color2":"#636363","timer_tag3":"","timer_text3":"","timer_3":"","timer_progress_3":"","timer_progress_color3":"#636363","timer_tag4":"","timer_text4":"","timer_4":"","timer_progress_4":"","timer_progress_color4":"#636363","timer_tag5":"","timer_text5":"","timer_5":"","timer_progress_5":"","timer_progress_color5":"#636363","timer_tag6":"","timer_text6":"","timer_6":"","timer_progress_6":"","timer_progress_color6":"#636363","timer_tag7":"","timer_text7":"","timer_7":"","timer_progress_7":"","timer_progress_color7":"#636363","timer_tag8":"","timer_text8":"","timer_8":"","timer_progress_8":"","timer_progress_color8":"#636363","timer_tag9":"","timer_text9":"","timer_9":"","timer_progress_9":"","timer_progress_color9":"#636363","timer_tag10":"","timer_text10":"","timer_10":"","timer_progress_10":"","timer_progress_color10":"#636363","def_timer_text1":"10","def_timer_1":"'04\/29\/2016 23:30:00'","def_timer_progress_1":"\"50%\"","timer_top_message_value":10,"timer_top_message_valuebefore":"HURRY! ONLY","timer_top_message_valueafter":"LEFT!","btn_bg_color":"#e65555","Slider1_caps1_enable":false,"Slider1_caps1":"CREATE URGENCY & SCARCITY","Slider1_para1":"","Slider1_btn1_enable":true,"Slider1_btn1":"Start","Slider1_btn1_url":"","Slider1_btn2_enable":false,"Slider1_btn2":"Learn More","Slider1_btn2_url":"","Slider2_caps1_enable":false,"Slider2_caps1":"CREATE URGENCY & SCARCITY","Slider2_para1":"","Slider2_btn1_enable":true,"Slider2_btn1":"Start","Slider2_btn1_url":"","Slider2_btn2_enable":true,"Slider2_btn2":"Learn More","Slider2_btn2_url":"","Slider3_caps1_enable":false,"Slider3_caps1":"Slider Title  #3","Slider3_para1":"Lorem ipsum dolor sit amet, consectetur adipisicing elit. In consequatur cumque natus!","Slider3_btn1_enable":false,"Slider3_btn1":"Start","Slider3_btn1_url":"","Slider3_btn2_enable":false,"Slider3_btn2":"Learn More","Slider3_btn2_url":"","Slider4_caps1_enable":false,"Slider4_caps1":"Slider Title  #4","Slider4_para1":"Lorem ipsum dolor sit amet, consectetur adipisicing elit. In consequatur cumque natus!","Slider4_btn1_enable":false,"Slider4_btn1":"Start","Slider4_btn1_url":"","Slider4_btn2_enable":false,"Slider4_btn2":"Learn More","Slider4_btn2_url":"","footer_bg_color":"#de4141","content_for_index":[]},"presets":{"Default":{"ajax_cart_method":"drawer","cart_notes_enable":true,"color_body_bg":"#fff","color_body_text":"#333333","color_borders":"#e5e5e5","color_footer_bg":"#f2f2f2","color_footer_social_link":"#bbbbbb","color_footer_text":"#636363","color_primary":"#747474","color_secondary":"#bbb","favicon_enable":false,"footer_newsletter_enable":true,"footer_social_enable":true,"logo_use_image":false,"social_facebook_link":"","social_twitter_link":""}}}