[{"name":"theme_info","logo":"https:\/\/cdn.shopify.com\/s\/files\/1\/0070\/7032\/files\/2010_6_23_Shopify-Green_256x256.jpg","settings":[{"type":"header","content":"Shopify Booster"},{"type":"paragraph","content":"v1.7"},{"type":"paragraph","content":"Theme settings allow designers to provide an easy way for any user to customize the look and feel of their shop without having to delve into HTML or CSS code."},{"type":"paragraph","content":"Contact [Shopify Booster Support](https:\/\/shopifybooster.clickfunnels.com\/support) for any kind of help."}]},{"name":"Theme Font Family","settings":[{"type":"header","content":"[Google font family link](https:\/\/fonts.google.com\/)"},{"type":"select","id":"menu_font_family","label":"Menu Font","options":[{"value":"Arial","label":"default theme font family"},{"value":"Anton","label":"Anton"},{"value":"Arimo","label":"Arimo"},{"value":"Arvo","label":"Arvo"},{"value":"Baloo Bhai","label":"Baloo Bhai"},{"value":"Baloo Bhaina","label":"Baloo Bhaina"},{"value":"Bitter","label":"Bitter"},{"value":"Bree Serif","label":"Bree Serif"},{"value":"Cabin","label":"Cabin"},{"value":"Catamaran","label":"Catamaran"},{"value":"David Libre","label":"David Libre"},{"value":"Dosis","label":"Dosis"},{"value":"Droid Sans","label":"Droid Sans"},{"value":"Droid Serif","label":"Droid Serif"},{"value":"Ek Mukta","label":"Ek Mukta"},{"value":"Fjalla One","label":"Fjalla One"},{"value":"Hind","label":"Hind"},{"value":"Inconsolata","label":"Inconsolata"},{"value":"Indie Flower","label":"Indie Flower"},{"value":"Lato","label":"Lato"},{"value":"Libre Baskerville","label":"Libre Baskerville"},{"value":"Lobster","label":"Lobster"},{"value":"Lora","label":"Lora"},{"value":"Merriweather","label":"Merriweather"},{"value":"Modak","label":"Modak"},{"value":"Montserrat","label":"Montserrat"},{"value":"Muli","label":"Muli"},{"value":"Noto Sans","label":"Noto Sans"},{"value":"Noto Serif","label":"Noto Serif"},{"value":"Nunito","label":"Nunito"},{"value":"Open Sans Condensed","label":"Open Sans Condensed"},{"value":"Oswald","label":"Oswald"},{"value":"Oxygen","label":"Oxygen"},{"value":"PT Sans","label":"PT Sans"},{"value":"PT Sans Narrow","label":"PT Sans Narrow"},{"value":"PT Serif","label":"PT Serif"},{"value":"Pavanam","label":"Pavanam"},{"value":"Playfair Display","label":"Playfair Display"},{"value":"Poppins","label":"Poppins"},{"value":"Raleway","label":"Raleway"},{"value":"Roboto","label":"Roboto"},{"value":"Roboto Condensed","label":"Roboto Condensed"},{"value":"Roboto Slab","label":"Roboto Slab"},{"value":"Slabo","label":"Slabo"},{"value":"Source Sans Pro","label":"Source Sans Pro"},{"value":"Teko","label":"Teko"},{"value":"Titillium Web","label":"Titillium Web"},{"value":"Ubuntu","label":"Ubuntu"},{"value":"Yanone Kaffeesatz","label":"Yanone Kaffeesatz"},{"value":"Yatra One","label":"Yatra One"}]},{"type":"select","id":"description_font_family","label":"Description Font","options":[{"value":"Arial","label":"default theme font family"},{"value":"Anton","label":"Anton"},{"value":"Arimo","label":"Arimo"},{"value":"Arvo","label":"Arvo"},{"value":"Baloo Bhai","label":"Baloo Bhai"},{"value":"Baloo Bhaina","label":"Baloo Bhaina"},{"value":"Bitter","label":"Bitter"},{"value":"Bree Serif","label":"Bree Serif"},{"value":"Cabin","label":"Cabin"},{"value":"Catamaran","label":"Catamaran"},{"value":"David Libre","label":"David Libre"},{"value":"Dosis","label":"Dosis"},{"value":"Droid Sans","label":"Droid Sans"},{"value":"Droid Serif","label":"Droid Serif"},{"value":"Ek Mukta","label":"Ek Mukta"},{"value":"Fjalla One","label":"Fjalla One"},{"value":"Hind","label":"Hind"},{"value":"Inconsolata","label":"Inconsolata"},{"value":"Indie Flower","label":"Indie Flower"},{"value":"Lato","label":"Lato"},{"value":"Libre Baskerville","label":"Libre Baskerville"},{"value":"Lobster","label":"Lobster"},{"value":"Lora","label":"Lora"},{"value":"Merriweather","label":"Merriweather"},{"value":"Modak","label":"Modak"},{"value":"Montserrat","label":"Montserrat"},{"value":"Muli","label":"Muli"},{"value":"Noto Sans","label":"Noto Sans"},{"value":"Noto Serif","label":"Noto Serif"},{"value":"Nunito","label":"Nunito"},{"value":"Open Sans Condensed","label":"Open Sans Condensed"},{"value":"Oswald","label":"Oswald"},{"value":"Oxygen","label":"Oxygen"},{"value":"PT Sans","label":"PT Sans"},{"value":"PT Sans Narrow","label":"PT Sans Narrow"},{"value":"PT Serif","label":"PT Serif"},{"value":"Pavanam","label":"Pavanam"},{"value":"Playfair Display","label":"Playfair Display"},{"value":"Poppins","label":"Poppins"},{"value":"Raleway","label":"Raleway"},{"value":"Roboto","label":"Roboto"},{"value":"Roboto Condensed","label":"Roboto Condensed"},{"value":"Roboto Slab","label":"Roboto Slab"},{"value":"Slabo","label":"Slabo"},{"value":"Source Sans Pro","label":"Source Sans Pro"},{"value":"Teko","label":"Teko"},{"value":"Titillium Web","label":"Titillium Web"},{"value":"Ubuntu","label":"Ubuntu"},{"value":"Yanone Kaffeesatz","label":"Yanone Kaffeesatz"},{"value":"Yatra One","label":"Yatra One"}]},{"type":"select","id":"title_font_family","label":"Title Font","options":[{"value":"Arial","label":"default theme font family"},{"value":"Anton","label":"Anton"},{"value":"Arimo","label":"Arimo"},{"value":"Arvo","label":"Arvo"},{"value":"Baloo Bhai","label":"Baloo Bhai"},{"value":"Baloo Bhaina","label":"Baloo Bhaina"},{"value":"Bitter","label":"Bitter"},{"value":"Bree Serif","label":"Bree Serif"},{"value":"Cabin","label":"Cabin"},{"value":"Catamaran","label":"Catamaran"},{"value":"David Libre","label":"David Libre"},{"value":"Dosis","label":"Dosis"},{"value":"Droid Sans","label":"Droid Sans"},{"value":"Droid Serif","label":"Droid Serif"},{"value":"Ek Mukta","label":"Ek Mukta"},{"value":"Fjalla One","label":"Fjalla One"},{"value":"Hind","label":"Hind"},{"value":"Inconsolata","label":"Inconsolata"},{"value":"Indie Flower","label":"Indie Flower"},{"value":"Lato","label":"Lato"},{"value":"Libre Baskerville","label":"Libre Baskerville"},{"value":"Lobster","label":"Lobster"},{"value":"Lora","label":"Lora"},{"value":"Merriweather","label":"Merriweather"},{"value":"Modak","label":"Modak"},{"value":"Montserrat","label":"Montserrat"},{"value":"Muli","label":"Muli"},{"value":"Noto Sans","label":"Noto Sans"},{"value":"Noto Serif","label":"Noto Serif"},{"value":"Nunito","label":"Nunito"},{"value":"Open Sans Condensed","label":"Open Sans Condensed"},{"value":"Oswald","label":"Oswald"},{"value":"Oxygen","label":"Oxygen"},{"value":"PT Sans","label":"PT Sans"},{"value":"PT Sans Narrow","label":"PT Sans Narrow"},{"value":"PT Serif","label":"PT Serif"},{"value":"Pavanam","label":"Pavanam"},{"value":"Playfair Display","label":"Playfair Display"},{"value":"Poppins","label":"Poppins"},{"value":"Raleway","label":"Raleway"},{"value":"Roboto","label":"Roboto"},{"value":"Roboto Condensed","label":"Roboto Condensed"},{"value":"Roboto Slab","label":"Roboto Slab"},{"value":"Slabo","label":"Slabo"},{"value":"Source Sans Pro","label":"Source Sans Pro"},{"value":"Teko","label":"Teko"},{"value":"Titillium Web","label":"Titillium Web"},{"value":"Ubuntu","label":"Ubuntu"},{"value":"Yanone Kaffeesatz","label":"Yanone Kaffeesatz"},{"value":"Yatra One","label":"Yatra One"}]},{"type":"select","id":"button_font_family","label":"Button Font","options":[{"value":"Arial","label":"default theme font family"},{"value":"Anton","label":"Anton"},{"value":"Arimo","label":"Arimo"},{"value":"Arvo","label":"Arvo"},{"value":"Baloo Bhai","label":"Baloo Bhai"},{"value":"Baloo Bhaina","label":"Baloo Bhaina"},{"value":"Bitter","label":"Bitter"},{"value":"Bree Serif","label":"Bree Serif"},{"value":"Cabin","label":"Cabin"},{"value":"Catamaran","label":"Catamaran"},{"value":"David Libre","label":"David Libre"},{"value":"Dosis","label":"Dosis"},{"value":"Droid Sans","label":"Droid Sans"},{"value":"Droid Serif","label":"Droid Serif"},{"value":"Ek Mukta","label":"Ek Mukta"},{"value":"Fjalla One","label":"Fjalla One"},{"value":"Hind","label":"Hind"},{"value":"Inconsolata","label":"Inconsolata"},{"value":"Indie Flower","label":"Indie Flower"},{"value":"Lato","label":"Lato"},{"value":"Libre Baskerville","label":"Libre Baskerville"},{"value":"Lobster","label":"Lobster"},{"value":"Lora","label":"Lora"},{"value":"Merriweather","label":"Merriweather"},{"value":"Modak","label":"Modak"},{"value":"Montserrat","label":"Montserrat"},{"value":"Muli","label":"Muli"},{"value":"Noto Sans","label":"Noto Sans"},{"value":"Noto Serif","label":"Noto Serif"},{"value":"Nunito","label":"Nunito"},{"value":"Open Sans Condensed","label":"Open Sans Condensed"},{"value":"Oswald","label":"Oswald"},{"value":"Oxygen","label":"Oxygen"},{"value":"PT Sans","label":"PT Sans"},{"value":"PT Sans Narrow","label":"PT Sans Narrow"},{"value":"PT Serif","label":"PT Serif"},{"value":"Pavanam","label":"Pavanam"},{"value":"Playfair Display","label":"Playfair Display"},{"value":"Poppins","label":"Poppins"},{"value":"Raleway","label":"Raleway"},{"value":"Roboto","label":"Roboto"},{"value":"Roboto Condensed","label":"Roboto Condensed"},{"value":"Roboto Slab","label":"Roboto Slab"},{"value":"Slabo","label":"Slabo"},{"value":"Source Sans Pro","label":"Source Sans Pro"},{"value":"Teko","label":"Teko"},{"value":"Titillium Web","label":"Titillium Web"},{"value":"Ubuntu","label":"Ubuntu"},{"value":"Yanone Kaffeesatz","label":"Yanone Kaffeesatz"},{"value":"Yatra One","label":"Yatra One"}]},{"type":"select","id":"body_font_family","label":"All Other Font","options":[{"value":"Arial","label":"default theme font family"},{"value":"Anton","label":"Anton"},{"value":"Arimo","label":"Arimo"},{"value":"Arvo","label":"Arvo"},{"value":"Baloo Bhai","label":"Baloo Bhai"},{"value":"Baloo Bhaina","label":"Baloo Bhaina"},{"value":"Bitter","label":"Bitter"},{"value":"Bree Serif","label":"Bree Serif"},{"value":"Cabin","label":"Cabin"},{"value":"Catamaran","label":"Catamaran"},{"value":"David Libre","label":"David Libre"},{"value":"Dosis","label":"Dosis"},{"value":"Droid Sans","label":"Droid Sans"},{"value":"Droid Serif","label":"Droid Serif"},{"value":"Ek Mukta","label":"Ek Mukta"},{"value":"Fjalla One","label":"Fjalla One"},{"value":"Hind","label":"Hind"},{"value":"Inconsolata","label":"Inconsolata"},{"value":"Indie Flower","label":"Indie Flower"},{"value":"Lato","label":"Lato"},{"value":"Libre Baskerville","label":"Libre Baskerville"},{"value":"Lobster","label":"Lobster"},{"value":"Lora","label":"Lora"},{"value":"Merriweather","label":"Merriweather"},{"value":"Modak","label":"Modak"},{"value":"Montserrat","label":"Montserrat"},{"value":"Muli","label":"Muli"},{"value":"Noto Sans","label":"Noto Sans"},{"value":"Noto Serif","label":"Noto Serif"},{"value":"Nunito","label":"Nunito"},{"value":"Open Sans Condensed","label":"Open Sans Condensed"},{"value":"Oswald","label":"Oswald"},{"value":"Oxygen","label":"Oxygen"},{"value":"PT Sans","label":"PT Sans"},{"value":"PT Sans Narrow","label":"PT Sans Narrow"},{"value":"PT Serif","label":"PT Serif"},{"value":"Pavanam","label":"Pavanam"},{"value":"Playfair Display","label":"Playfair Display"},{"value":"Poppins","label":"Poppins"},{"value":"Raleway","label":"Raleway"},{"value":"Roboto","label":"Roboto"},{"value":"Roboto Condensed","label":"Roboto Condensed"},{"value":"Roboto Slab","label":"Roboto Slab"},{"value":"Slabo","label":"Slabo"},{"value":"Source Sans Pro","label":"Source Sans Pro"},{"value":"Teko","label":"Teko"},{"value":"Titillium Web","label":"Titillium Web"},{"value":"Ubuntu","label":"Ubuntu"},{"value":"Yanone Kaffeesatz","label":"Yanone Kaffeesatz"},{"value":"Yatra One","label":"Yatra One"}]}]},{"name":"Colors","settings":[{"type":"paragraph","content":"Use class=\"color\" on a an input tag to bring up the color picker. Only a few colors have been included here as an example."},{"type":"header","content":"General colors"},{"type":"color","id":"color_primary","label":"Primary","default":"#204a80","info":"Used for text links, and primary buttons"},{"type":"color","id":"color_secondary","label":"Secondary","default":"#dcdcdc","info":"Used for secondary buttons"},{"type":"color","id":"color_borders","label":"Borders","default":"#e5e5e5"},{"type":"header","content":"Header"},{"type":"color","id":"header_bg","label":"Header Background","default":"#204a80"},{"type":"color","id":"menu_bg","label":"Navigation Background","default":"#ccc"},{"type":"color","id":"menu_color_primary","label":"Menu","default":"#204a80","info":"Home Page Menu color"},{"type":"color","id":"menu_other_color_primary","label":"Menu","default":"#204a80","info":"Other Menu Page Color"},{"type":"color","id":"menu_submenu_color","label":"Drop Down Menu Color","default":"#204a80","info":"Mega Menu & Sub Menu Color"},{"type":"color","id":"menu_submenu_color_hover","label":"Dropdown Color Hover","default":"#204a80","info":"Mega Menu & Sub Menu Hover, Focus Color"},{"type":"header","content":"Body"},{"type":"color","id":"color_body_bg","label":"Background","default":"#ffffff"},{"type":"color","id":"color_body_text","label":"Text","default":"#333333"},{"type":"color","id":"home_product_bg_color","label":"Home Product Background Color"},{"type":"header","content":"Footer"},{"type":"color","id":"color_footer_bg","label":"Background Color","default":"#f2f2f2"},{"type":"color","id":"color_footer_text","label":"Text  Color","default":"#636363"},{"type":"color","id":"color_footer_text_heading","label":"Text Heading Color","default":"#636363"},{"type":"color","id":"color_footer_social_link","label":"Social Media Icons  Color","default":"#bbbbbb"},{"type":"color","id":"color_footer_share_icon","label":"Share Icons  Color","default":"#ED1C24"}]},{"name":"Header","settings":[{"type":"header","content":"Cart button color"},{"type":"color","id":"cart_button_bg","label":"Cart Button Background","info":"Including Search Icon color"},{"type":"color","id":"cart_button_color","label":"Cart Button Text Color"},{"type":"header","content":"Logo"},{"type":"checkbox","id":"logo_use_image","label":"Use custom logo"},{"type":"image","id":"logo.png","label":"Custom logo","max-width":450,"max-height":200,"info":"Maximum logo dimensions are 450px wide by 200px high. The uploaded file will be resized to fit within those constraints."},{"type":"text","id":"logo_max_width","label":"Max logo width","default":"450","info":"Defined in pixels. Do not add the 'px' unit."},{"type":"header","content":"Favicon"},{"type":"checkbox","id":"favicon_enable","label":"Use custom icon"},{"type":"image","id":"favicon.png","label":"16 x 16px png","max-width":16,"max-height":16},{"type":"header","content":"Font Size"},{"type":"number","id":"menu_font_size","label":"Navigation Menu Font Size","info":"Defined in pixels. Do not add the 'px' unit."},{"type":"number","id":"sub_menu_font_size","label":"Navigation Mega Menu Font Size","info":"Defined in pixels. Do not add the 'px' unit."}]},{"name":"Header mobile","settings":[{"type":"header","content":"Mobile header settings"},{"type":"image","id":"logo_mobile.png","label":"Mobile logo","max-width":360,"max-height":100,"info":"This logo will only appear on the mobile version of your store. Maximum logo dimensions are 360px wide by 100px high. The uploaded file will be resized to fit within those constraints."},{"type":"select","id":"mobile_logo_size","label":"Logo size in %","options":[{"value":"35%","label":"35"},{"value":"50%","label":"50"},{"value":"60%","label":"60"},{"value":"70%","label":"70"},{"value":"75%","label":"75"},{"value":"90%","label":"90"},{"value":"100%","label":"100"}]},{"type":"color","id":"header_background_mobile","label":"Mobile Header Background","default":"#ff0000"},{"type":"color","id":"user_mobile_color","label":"User Icon Color"},{"type":"color","id":"checkout_mobile_color","label":"Checkout Icon Color"},{"type":"color","id":"search_mobile_color","label":"Search Icon Color"},{"type":"color","id":"bar_mobile_icon","label":"Menu Bar Icon Color"},{"type":"color","id":"cartcount_mobile_color","label":"Cart Counter Font Color"},{"type":"color","id":"cartcount_bg_mobile_color","label":"Cart Counter Background"}]},{"name":"Header Strip","settings":[{"type":"header","content":"Header Top Text Strip"},{"type":"checkbox","id":"header_strip","label":"Enable Header Strip"},{"type":"color","id":"header_strip_bg","label":"Strip Background Color"},{"type":"color","id":"header_strip_color","label":"Strip Text Color"},{"type":"text","id":"header_strip_text","label":"Strip Text(Left)"},{"type":"text","id":"header_strip_text_contact","label":"Strip Contact Phone Number"},{"type":"text","id":"header_strip_text_email","label":"Strip Support Email"},{"type":"text","id":"header_strip_text_link_name","label":"Strip Link Title"},{"type":"text","id":"header_strip_text_link_url","label":"Strip link"},{"type":"header","content":"Header Strip Setting For Mobile"},{"type":"checkbox","id":"header_strip_hide_mobile","label":"Hide Header Strip on Mobile"},{"type":"checkbox","id":"header_strip_hide_right_mobile","label":"Hide the Right Section on Mobile"}]},{"name":"Search page","settings":[{"type":"header","content":"Search page setting"},{"type":"checkbox","id":"search_page_disable_free_item","label":"Disable the free item ($0) in search page"}]},{"name":"Menu","settings":[{"type":"header","content":"Menu"},{"type":"link_list","id":"menu_primary","label":"Primary Menu"}]},{"name":"Mega Menu","settings":[{"type":"header","content":"Mega Menu"},{"type":"checkbox","id":"mega_menu_enable_1","label":"Enable Mega Menu"},{"type":"text","id":"megamenu_1_parent","label":"Parent Name of Dropdown Menu","info":"Menu name only use lowercase eg: For 'Summer Sale' use menu name eg: 'summer sale'. The name you'll put here need to be the same as the one you want to replace. It will replace the current element of the standard navigation link for the Mega Menu."},{"type":"header","content":"Column 1"},{"type":"text","id":"megamenu_1_column_1_title","label":"Title"},{"type":"link_list","id":"megamenu_1_column_1_menu","label":"Menu Column 1"},{"type":"header","content":"Column 2"},{"type":"text","id":"megamenu_1_column_2_title","label":"Title"},{"type":"link_list","id":"megamenu_1_column_2_menu","label":"Menu Column 2"},{"type":"header","content":"Column 3"},{"type":"text","id":"megamenu_1_column_3_title","label":"Title"},{"type":"link_list","id":"megamenu_1_column_3_menu","label":"Menu Column 3"},{"type":"header","content":"Column 4"},{"type":"text","id":"megamenu_1_column_4_title","label":"Title"},{"type":"link_list","id":"megamenu_1_column_4_menu","label":"Menu Column 4"},{"type":"header","content":"Product Picture"},{"type":"text","id":"megamenu_1_column_5_title","label":"Title"},{"type":"image","id":"megamenu_1_image_1.jpg","label":"Picture"},{"type":"text","id":"megamenu_1_image_1_url","label":"URL Of The Picture"}]},{"name":"Currency","settings":[{"type":"paragraph","content":"To offer multiple currencies on your online store, you must first [edit your store's currency formatting](https:\/\/help.shopify.com\/manual\/using-themes\/troubleshooting\/help-script-find-money-formats)."},{"type":"checkbox","id":"show_multiple_currencies","label":"Enable currency conversion","default":true,"info":"Even though prices are displayed in different currencies, orders will still be processed in your store's currency."},{"type":"select","id":"currency_format","label":"Format","options":[{"value":"money_format","label":"Without currency ($10.00)"},{"value":"money_with_currency_format","label":"With currency ($10.00 CAD)"}],"default":"money_with_currency_format"},{"type":"text","id":"supported_currencies","label":"Supported currencies","default":"INR GBP CAD USD AUD EUR JPY","info":"Use the country's ISO [currency code](http:\/\/www.xe.com\/iso4217.php). Separate your currency codes with a space."},{"type":"text","id":"default_currency","label":"Default currency","default":"USD"}]},{"name":"Discount Pop up","settings":[{"type":"header","content":"Discount Pop Up Setting"},{"type":"checkbox","id":"discount_popup_enable","label":"Enable Discount Pop Up"},{"type":"checkbox","id":"discount_popup_disable_mobile","label":"Disable Pop Up on Mobile"},{"type":"select","id":"discount_popup_time","label":"Pop Up is Showing After","options":[{"value":"1","label":"1 minute"},{"value":"2","label":"2 minutes"},{"value":"3","label":"3 minutes"},{"value":"4","label":"4 minutes"},{"value":"5","label":"5 minutes"},{"value":"6","label":"6 minutes"},{"value":"7","label":"7 minutes"},{"value":"8","label":"8 minutes"},{"value":"9","label":"9 minutes"},{"value":"10","label":"10 minutes"}],"info":"The Discount Pop Up will Show up only If the customer Didn't Added to cart anything on your Store After X Minutes"},{"type":"header","content":"Pop up Edit"},{"type":"image","id":"discount_icon.png","label":"Discount Icon Picture (PNG ONLY)","max-width":100,"max-height":150},{"type":"text","id":"discount_popup_title","label":"Pop Up Title"},{"type":"header","content":"Description 1"},{"type":"text","id":"discount_popup_description1","label":"Description 1"},{"type":"header","content":"Description 2"},{"type":"text","id":"discount_popup_description2","label":"Description 2 (Bold Text)"},{"type":"header","content":"Description 3"},{"type":"text","id":"discount_popup_description3","label":"Description 3"},{"type":"header","content":"Description 4"},{"type":"text","id":"discount_popup_description4","label":"Description 4 (Bold Text)"},{"type":"header","content":"Description 5"},{"type":"text","id":"discount_popup_description5","label":"Description 5"},{"type":"header","content":"Description 6"},{"type":"text","id":"discount_popup_description6","label":"Description 6 (Bold Text)","info":"Ex : Discount code: ABC20"},{"type":"header","content":"button"},{"type":"text","id":"discount_popup_link_text","label":"Button Text","info":"Ex : Continue Shopping"},{"type":"header","content":"Discount Pop up Color Setting"},{"type":"color","id":"discount_border_color","label":"Border color"},{"type":"color","id":"discount_bg_color","label":"Background color"},{"type":"color","id":"discount_normal_text_color","label":"Normal text color"},{"type":"color","id":"discount_bold_text_color","label":"Normal bold text color"}]},{"name":"Notification Pop up","settings":[{"type":"header","content":"Notification pop up setting"},{"type":"checkbox","id":"popup_enable","label":"Enable Notification Pop up"},{"type":"checkbox","id":"popup_ago_custom_time","label":"Enable Time Ago"},{"type":"checkbox","id":"popup_disable_mobile","label":"Disable Pop up on mobile"},{"type":"header","content":"Collection"},{"type":"collection","id":"popup_randomly_collection","label":"Collection"},{"type":"header","content":"Title"},{"type":"textarea","id":"buttom_message","label":"Change the message"},{"type":"header","content":"Color setting"},{"type":"color","id":"popup_message","label":"Message Color"},{"type":"color","id":"popup_product_title_olor","label":"Product Title Color"}]},{"name":"UpSell Popup","settings":[{"type":"header","content":"UpSell Popup common setting"},{"type":"checkbox","id":"upsell_popup_enable_all","label":"Enable Upsell Pop Up","info":"Enable upsell pop up then upsell pop up work on select quantity 1 and click on addto cart button"},{"type":"checkbox","id":"disable_upsell_use_tag","label":"Disable Upsell Pop Up by Using Tag","info":"Disable the Upsell from Certain Product by Using Product Tag: no-upsell"},{"type":"header","content":"Default UpSell Popup (When a upsell Popup don't match any collection.)"},{"type":"product","id":"free_product_8","label":"Select free product"},{"type":"text","id":"upsell_headline_text_8","label":"Headline Text"},{"type":"text","id":"yes_button_text_8","label":"Button Yes Text"},{"type":"text","id":"not_button_text_8","label":"Button No Text"},{"type":"select","id":"quantity_upsell_8","label":"Quantity","options":[{"value":"2","label":"quantity 2"},{"value":"3","label":"quantity 3"},{"value":"4","label":"quantity 4"},{"value":"5","label":"quantity 5"},{"value":"6","label":"quantity 6"},{"value":"7","label":"quantity 7"},{"value":"8","label":"qunatity 8"},{"value":"9","label":"quantity 9"},{"value":"10","label":"quantity 10"}]},{"type":"color","id":"upsell_popup_color_8","label":"Upsell Popup Background"},{"type":"color","id":"upsell_headline_color_8","label":"Headline Color"},{"type":"color","id":"button_yes_color_8","label":"Button Yes background"},{"type":"color","id":"button_no_color_8","label":"Button No Color"},{"type":"header","content":"if you want to particular collection set of 'free product' following setting manage to you different 7 type of collections"},{"type":"header","content":"UpSell Popup 1"},{"type":"checkbox","id":"upsell_popup_enable_1","label":"Enable Upsell Popup"},{"type":"collection","id":"upsell_select_collection_1","label":"Select Collection"},{"type":"product","id":"free_product_1","label":"Select free product"},{"type":"text","id":"upsell_headline_text_1","label":"Headline Text"},{"type":"text","id":"yes_button_text_1","label":"Button Yes Text"},{"type":"text","id":"not_button_text_1","label":"Button No Text"},{"type":"select","id":"quantity_upsell_1","label":"Quantity","options":[{"value":"2","label":"quantity 2"},{"value":"3","label":"quantity 3"},{"value":"4","label":"quantity 4"},{"value":"5","label":"quantity 5"},{"value":"6","label":"quantity 6"},{"value":"7","label":"quantity 7"},{"value":"8","label":"qunatity 8"},{"value":"9","label":"quantity 9"},{"value":"10","label":"quantity 10"}]},{"type":"color","id":"upsell_popup_color_1","label":"Upsell Popup Background"},{"type":"color","id":"upsell_headline_color_1","label":"Headline Color"},{"type":"color","id":"button_yes_color_1","label":"Button Yes background"},{"type":"color","id":"button_no_color_1","label":"Button No Color"},{"type":"header","content":"UpSell Popup 2"},{"type":"checkbox","id":"upsell_popup_enable_2","label":"Enable Upsell Popup"},{"type":"collection","id":"upsell_select_collection_2","label":"Select Collection"},{"type":"product","id":"free_product_2","label":"Select free product"},{"type":"text","id":"upsell_headline_text_2","label":"Headline Text"},{"type":"text","id":"yes_button_text_2","label":"Button Yes Text"},{"type":"text","id":"not_button_text_2","label":"Button No Text"},{"type":"select","id":"quantity_upsell_2","label":"Quantity","options":[{"value":"2","label":"quantity 2"},{"value":"3","label":"quantity 3"},{"value":"4","label":"quantity 4"},{"value":"5","label":"quantity 5"},{"value":"6","label":"quantity 6"},{"value":"7","label":"quantity 7"},{"value":"8","label":"qunatity 8"},{"value":"9","label":"quantity 9"},{"value":"10","label":"quantity 10"}]},{"type":"color","id":"upsell_popup_color_2","label":"Upsell Popup Background"},{"type":"color","id":"upsell_headline_color_2","label":"Headline Color"},{"type":"color","id":"button_yes_color_2","label":"Button Yes background"},{"type":"color","id":"button_no_color_2","label":"Button No Color"},{"type":"header","content":"UpSell Popup 3"},{"type":"checkbox","id":"upsell_popup_enable_3","label":"Enable Upsell Popup"},{"type":"collection","id":"upsell_select_collection_3","label":"Select Collection"},{"type":"product","id":"free_product_3","label":"Select free product"},{"type":"text","id":"upsell_headline_text_3","label":"Headline Text"},{"type":"text","id":"yes_button_text_3","label":"Button Yes Text"},{"type":"text","id":"not_button_text_3","label":"Button No Text"},{"type":"select","id":"quantity_upsell_3","label":"Quantity","options":[{"value":"2","label":"quantity 2"},{"value":"3","label":"quantity 3"},{"value":"4","label":"quantity 4"},{"value":"5","label":"quantity 5"},{"value":"6","label":"quantity 6"},{"value":"7","label":"quantity 7"},{"value":"8","label":"qunatity 8"},{"value":"9","label":"quantity 9"},{"value":"10","label":"quantity 10"}]},{"type":"color","id":"upsell_popup_color_3","label":"Upsell Popup Background"},{"type":"color","id":"upsell_headline_color_3","label":"Headline Color"},{"type":"color","id":"button_yes_color_3","label":"Button Yes background"},{"type":"color","id":"button_no_color_3","label":"Button No Color"},{"type":"header","content":"UpSell Popup 4"},{"type":"checkbox","id":"upsell_popup_enable_4","label":"Enable Upsell Popup"},{"type":"collection","id":"upsell_select_collection_4","label":"Select Collection"},{"type":"product","id":"free_product_4","label":"Select free product"},{"type":"text","id":"upsell_headline_text_4","label":"Headline Text"},{"type":"text","id":"yes_button_text_4","label":"Button Yes Text"},{"type":"text","id":"not_button_text_4","label":"Button No Text"},{"type":"select","id":"quantity_upsell_4","label":"Quantity","options":[{"value":"2","label":"quantity 2"},{"value":"3","label":"quantity 3"},{"value":"4","label":"quantity 4"},{"value":"5","label":"quantity 5"},{"value":"6","label":"quantity 6"},{"value":"7","label":"quantity 7"},{"value":"8","label":"qunatity 8"},{"value":"9","label":"quantity 9"},{"value":"10","label":"quantity 10"}]},{"type":"color","id":"upsell_popup_color_4","label":"Upsell Popup Background"},{"type":"color","id":"upsell_headline_color_4","label":"Headline Color"},{"type":"color","id":"button_yes_color_4","label":"Button Yes background"},{"type":"color","id":"button_no_color_4","label":"Button No Color"},{"type":"header","content":"UpSell Popup 5"},{"type":"checkbox","id":"upsell_popup_enable_5","label":"Enable Upsell Popup"},{"type":"collection","id":"upsell_select_collection_5","label":"Select Collection"},{"type":"product","id":"free_product_5","label":"Select free product"},{"type":"text","id":"upsell_headline_text_5","label":"Headline Text"},{"type":"text","id":"yes_button_text_5","label":"Button Yes Text"},{"type":"text","id":"not_button_text_5","label":"Button No Text"},{"type":"select","id":"quantity_upsell_5","label":"Quantity","options":[{"value":"2","label":"quantity 2"},{"value":"3","label":"quantity 3"},{"value":"4","label":"quantity 4"},{"value":"5","label":"quantity 5"},{"value":"6","label":"quantity 6"},{"value":"7","label":"quantity 7"},{"value":"8","label":"qunatity 8"},{"value":"9","label":"quantity 9"},{"value":"10","label":"quantity 10"}]},{"type":"color","id":"upsell_popup_color_5","label":"Upsell Popup Background"},{"type":"color","id":"upsell_headline_color_5","label":"Headline Color"},{"type":"color","id":"button_yes_color_5","label":"Button Yes background"},{"type":"color","id":"button_no_color_5","label":"Button No Color"},{"type":"header","content":"UpSell Popup 6"},{"type":"checkbox","id":"upsell_popup_enable_6","label":"Enable Upsell Popup"},{"type":"collection","id":"upsell_select_collection_6","label":"Select Collection"},{"type":"product","id":"free_product_6","label":"Select free product"},{"type":"text","id":"upsell_headline_text_6","label":"Headline Text"},{"type":"text","id":"yes_button_text_6","label":"Button Yes Text"},{"type":"text","id":"not_button_text_6","label":"Button No Text"},{"type":"select","id":"quantity_upsell_6","label":"Quantity","options":[{"value":"2","label":"quantity 2"},{"value":"3","label":"quantity 3"},{"value":"4","label":"quantity 4"},{"value":"5","label":"quantity 5"},{"value":"6","label":"quantity 6"},{"value":"7","label":"quantity 7"},{"value":"8","label":"qunatity 8"},{"value":"9","label":"quantity 9"},{"value":"10","label":"quantity 10"}]},{"type":"color","id":"upsell_popup_color_6","label":"Upsell Popup Background"},{"type":"color","id":"upsell_headline_color_6","label":"Headline Color"},{"type":"color","id":"button_yes_color_6","label":"Button Yes background"},{"type":"color","id":"button_no_color_6","label":"Button No Color"},{"type":"header","content":"UpSell Popup 7"},{"type":"checkbox","id":"upsell_popup_enable_7","label":"Enable Upsell Popup"},{"type":"collection","id":"upsell_select_collection_7","label":"Select Collection"},{"type":"product","id":"free_product_7","label":"Select free product"},{"type":"text","id":"upsell_headline_text_7","label":"Headline Text"},{"type":"text","id":"yes_button_text_7","label":"Button Yes Text"},{"type":"text","id":"not_button_text_7","label":"Button No Text"},{"type":"select","id":"quantity_upsell_7","label":"Quantity","options":[{"value":"2","label":"quantity 2"},{"value":"3","label":"quantity 3"},{"value":"4","label":"quantity 4"},{"value":"5","label":"quantity 5"},{"value":"6","label":"quantity 6"},{"value":"7","label":"quantity 7"},{"value":"8","label":"qunatity 8"},{"value":"9","label":"quantity 9"},{"value":"10","label":"quantity 10"}]},{"type":"color","id":"upsell_popup_color_7","label":"Upsell Popup Background"},{"type":"color","id":"upsell_headline_color_7","label":"Headline Color"},{"type":"color","id":"button_yes_color_7","label":"Button Yes background"},{"type":"color","id":"button_no_color_7","label":"Button No Color"}]},{"name":"Home Page Slider","settings":[{"type":"header","content":"Desktop And Mobile Slider Settings"},{"type":"header","content":"slider setting"},{"type":"text","id":"slideshowSpeed","label":"Slide Show Speed","info":"Setting speed is in milliseconds Ex: 2000"},{"type":"header","content":"Slider 1"},{"type":"checkbox","id":"slider_enable1","label":"Enable Slider 1"},{"type":"text","id":"slider_link1","label":"Slider Link"},{"type":"image","id":"hero_slide_1.png","label":"Silder Image"},{"type":"image","id":"m_hero_slide_1.png","label":"Mobile Silder Image"},{"type":"header","content":"slider 2"},{"type":"checkbox","id":"slider_enable2","label":"Enable Slider 2"},{"type":"text","id":"slider_link2","label":"Slider Link"},{"type":"image","id":"hero_slide_2.png","label":"Silder Image"},{"type":"image","id":"m_hero_slide_2.png","label":"Mobile Silder Image"},{"type":"header","content":"Slider 3"},{"type":"checkbox","id":"slider_enable3","label":"Enable Slider 3"},{"type":"text","id":"slider_link3","label":"Slider Link"},{"type":"image","id":"hero_slide_3.png","label":"Silder Image"},{"type":"image","id":"m_hero_slide_3.png","label":"Mobile Silder Image"},{"type":"header","content":"Slider 4"},{"type":"checkbox","id":"slider_enable4","label":"Enable Slider 4"},{"type":"text","id":"slider_link4","label":"Slider Link"},{"type":"image","id":"hero_slide_4.png","label":"Silder Image"},{"type":"image","id":"m_hero_slide_4.png","label":"Mobile Silder Image"}]},{"name":"Home Page - Featured Collections","settings":[{"type":"checkbox","id":"featured_coll_enb","label":"Enable Featured Collection"},{"type":"checkbox","id":"enable_featured_title","label":"Enable Featured Collection Title"},{"type":"text","id":"feature_collection_title","label":"Featured collection title"},{"type":"header","content":"Collection Setting"},{"type":"radio","id":"home_featured_collections_sort","label":"Choose collections","options":[{"value":"auto","label":"Automatically"},{"value":"manual","label":"Manually:"}]},{"type":"collection","id":"collection_1"},{"type":"collection","id":"collection_2"},{"type":"collection","id":"collection_3"},{"type":"collection","id":"collection_4"},{"type":"collection","id":"collection_5"},{"type":"collection","id":"collection_6"}]},{"name":"Home page - Collection rows","settings":[{"type":"header","content":"This setting is only working with style 5 in the home page product setting"},{"type":"header","content":"Row 1"},{"type":"checkbox","id":"home_featured_row1_enable","label":"Enable row 1"},{"type":"collection","id":"home_featured_row1","label":"Collection"},{"type":"select","id":"home_featured_row1_number","label":"Number of rows","options":[{"value":"1","label":"1"},{"value":"2","label":"2"},{"value":"3","label":"3"},{"value":"4","label":"4"}],"info":"4 per line"},{"type":"header","content":"Row 2"},{"type":"checkbox","id":"home_featured_row2_enable","label":"Enable row 2"},{"type":"collection","id":"home_featured_row2","label":"Collection"},{"type":"select","id":"home_featured_row2_number","label":"Number of rows","options":[{"value":"1","label":"1"},{"value":"2","label":"2"},{"value":"3","label":"3"},{"value":"4","label":"4"}],"info":"4 per line"},{"type":"header","content":"Row 3"},{"type":"checkbox","id":"home_featured_row3_enable","label":"Enable row 3"},{"type":"collection","id":"home_featured_row3","label":"Collection"},{"type":"select","id":"home_featured_row3_number","label":"Number of rows","options":[{"value":"1","label":"1"},{"value":"2","label":"2"},{"value":"3","label":"3"},{"value":"4","label":"4"}],"info":"4 per line"},{"type":"header","content":"Row 4"},{"type":"checkbox","id":"home_featured_row4_enable","label":"Enable row 4"},{"type":"collection","id":"home_featured_row4","label":"Collection"},{"type":"select","id":"home_featured_row4_number","label":"Number of rows","options":[{"value":"1","label":"1"},{"value":"2","label":"2"},{"value":"3","label":"3"},{"value":"4","label":"4"}],"info":"4 per line"}]},{"name":"Collection Setting","settings":[{"type":"header","content":"collection page setting"},{"type":"radio","id":"collection_style","options":[{"value":"collection_style_1","label":"Disable Tag in Collection Page"},{"value":"collection_style_2","label":"Enable Tag in Collection Page"}],"label":"Collection Page Tag"},{"type":"header","content":"Mobile Product Disposition Setting"},{"type":"radio","id":"on_mobile_cal_set","options":[{"value":"on_mobile_cal_set_row_one","label":"1 row"},{"value":"on_mobile_cal_set_row_two","label":"2 rows"}],"label":"Mobile Disposition"}]},{"name":"Home Page Products","settings":[{"type":"header","content":"Select Home Collection Display "},{"type":"collection","id":"home_products","label":"Home Page Products"},{"type":"text","id":"home_feature_title","label":"Feature Product Title"},{"type":"header","content":"Product disposition"},{"type":"radio","id":"product_disposition_style","info":"Style 5 (collection row): This style is working with the home page - collection row setting","options":[{"value":"product_disposition_style_one","label":"Style 1"},{"value":"product_disposition_style_two","label":"Style 2"},{"value":"product_disposition_style_three","label":"Style 3"},{"value":"product_disposition_style_four","label":"Style 4"},{"value":"product_disposition_style_five","label":"Style 5 (collection row)"}],"label":"Product Disposition Style"},{"type":"header","content":"Mobile Product disposition"},{"type":"radio","id":"on_mobile_set","options":[{"value":"on_mobile_set_row_one","label":"1 row (for style 5,4,3,1)"},{"value":"on_mobile_set_row_two","label":"2 rows (for style 1,3,5)"}],"label":"Mobile Row Setting"},{"type":"header","content":"Mobile product title setting"},{"type":"radio","id":"on_mobile_title_set","options":[{"value":"on_mobile_title_set_line_one","label":"Limit Title Text"},{"value":"on_mobile_title_set_line_full","label":"Full Line Title Text"}],"label":"For Text Limit On Mobile Product Title"},{"type":"text","id":"home_page_text_limit","label":"Home page text limit","info":"Number of character in your Title. Ex : 35"},{"type":"text","id":"cat_page_text_limit","label":"Category page text limit","info":"Number of character in your Title. Ex : 35"},{"type":"header","content":"Product image setting"},{"type":"checkbox","id":"enable_product_variant_image","label":"Enable Default Variant Picture and Price"},{"type":"header","content":"Product title size setting"},{"type":"number","id":"product_grid_title_size","label":"Product Title Size","info":"Put Only the Numeric Value. Ex : 20 (= 20 Pixels)"},{"type":"header","content":"Product Sale Title"},{"type":"text","id":"productsale","label":"On sale"},{"type":"text","id":"productsoldout","label":"Sold out"},{"type":"checkbox","id":"disable_sale_home","default":true,"label":"Disable sale button on home page"},{"type":"header","content":"Product image size"},{"type":"header","content":"Sale Button Style option"},{"type":"radio","id":"sale_button_option","options":[{"value":"sale_button_option_one","label":"Option 1"},{"value":"sale_button_option_two","label":"Option 2"},{"value":"sale_button_option_three","label":"Option 3"},{"value":"sale_button_option_four","label":"Option 4"}],"label":"Sale Button Style Option"},{"type":"header","content":"Sale button color setting"},{"type":"color","id":"sale_button_option_one_color","label":"Sale Button Background Color"},{"type":"color","id":"sale_button_option__text_one_color","label":"Sale Button Text Color","default":"#fff"},{"type":"header","content":"Buy button color setting(style 4)"},{"type":"color","id":"buy_button_color","label":"Buy Button Background Color (style 4)"},{"type":"color","id":"buy_button_text_color","label":"Buy Button Text Color (style 4)","default":"#fff"},{"type":"header","content":"Compare Price button setting"},{"type":"color","id":"comparePriceColor","label":"Compare Price button border & color"}]},{"name":"Home page - Video setting","settings":[{"type":"header","content":"Video setting"},{"type":"color","id":"video_title_color","label":"Video Title color","info":"Both video title color"},{"type":"header","content":"Video #1"},{"type":"checkbox","id":"enable_video_1","label":"Enable video #1"},{"type":"text","id":"video_title_1","label":"Video title #1"},{"type":"textarea","id":"video_link_1","label":"Video Iframe #1"},{"type":"textarea","id":"video_text_1","label":"Video description #1"},{"type":"header","content":"Video #2"},{"type":"checkbox","id":"enable_video_2","label":"Enable video #2"},{"type":"text","id":"video_title_2","label":"Video title #2"},{"type":"textarea","id":"video_link_2","label":"Video Iframe #2"},{"type":"textarea","id":"video_text_2","label":"Video description #2"}]},{"name":"Product page","settings":[{"type":"header","content":"Progress bar"},{"type":"checkbox","id":"enable_product_progressbar","label":"Enable Product Progress bar"},{"type":"checkbox","id":"enable_progressbar_text","label":"Enable Progress Bar Text"},{"type":"text","id":"enable_progressbar_text_value","label":"Progress Bar Text"},{"type":"color","id":"ProgressBar_bg_color","label":"Progress Bar Color"},{"type":"color","id":"ProgressBar_timer_bg_color","label":"Progress Bar timer Color"},{"type":"header","content":"Add To Cart Button Setting"},{"type":"color","id":"add_to_cart_bg_color","label":"Add To Cart","info":"add To Cart Button Color"},{"type":"color","id":"add_to_cart_bg_color_hover","label":"Add To Cart:Hover","info":"add To Cart Button Color hover"},{"type":"color","id":"add_to_cart_text_color","label":"Add To Cart text color","default":"#f2f2f2"},{"type":"text","id":"add_to_cart_button_text","label":"Add To Cart button text","info":"Add To Cart Button text"},{"type":"header","content":"Add To Cart 0$ Button setting"},{"type":"color","id":"add_to_cart_bg_color_zero","label":"FREE + SHIP Button","info":"FREE + SHIP Add To Cart Button Color"},{"type":"color","id":"add_to_cart_bg_color_zero_hover","label":"FREE + SHIP Button:Hover","info":"FREE + SHIP Add To Cart Button Color hover"},{"type":"color","id":"add_to_cart_text_color_zero","label":"FREE + SHIP Button of text color","default":"#f2f2f2"},{"type":"text","id":"add_to_cart_button_text_zero_price","label":"Add To Cart Text for 0$ item","info":"Add To Cart Button text for 0$ Item"},{"type":"header","content":"Visitors Counter"},{"type":"color","id":"counter_visitor_bg","label":"Background Color","default":"#f2f2f2"},{"type":"color","id":"counter_visitor_color","label":"Text  Color","default":"#636363"},{"type":"text","id":"visitor_counter_text_before","label":"Visitor Counter Before text","default":"Real Time"},{"type":"text","id":"visitor_counter_text_after","label":"Visitor Counter After text","default":"Visitor Right Now"},{"type":"checkbox","id":"visitor_counter_enable","label":"Visitor Counter Enable"},{"type":"checkbox","id":"visitor_counter_before","default":false,"label":"Visitor Counter before description"},{"type":"header","content":"General"},{"type":"checkbox","id":"enable_image_zoom","label":"Enable image zoom"},{"type":"checkbox","id":"enable_image_carousel","label":"Enable image carousel on desktop"},{"type":"checkbox","id":"display_quantity_dropdown","label":"Show quantity selector"},{"type":"checkbox","id":"show_saved_amount","label":"Show saved amount"},{"type":"checkbox","id":"show_compare_price","label":"Show compare at price"},{"type":"checkbox","id":"show_related_products","label":"Show related products","default":true,"info":"Only visible within a collection"},{"type":"checkbox","id":"enable_read_more","label":"Enable read more button"},{"type":"checkbox","id":"enable_default_variant","label":"Disable default select product variant"},{"type":"checkbox","id":"show_breadcrumb","label":"Show breadcrumb"},{"type":"checkbox","id":"enable_product_cart_skip","label":"Skip Cart","info":"Skip Cart And go Directly to Checkout"},{"type":"header","content":"Read more button"},{"type":"color","id":"redmore_bg_color","label":"Read more color"},{"type":"select","id":"readmore_btn","label":"Read more button size","options":[{"value":"40%","label":"40%"},{"value":"50%","label":"50%"},{"value":"60%","label":"60%"},{"value":"70%","label":"70%"},{"value":"80%","label":"80%"},{"value":"90%","label":"90%"},{"value":"100%","label":"100%"}]},{"type":"header","content":"Product Title"},{"type":"radio","id":"move_product_title","info":"Which place show product title","options":[{"value":"move_product_title_picture","label":"picture"},{"value":"move_product_title_price","label":"price"}],"label":"Allow to move product title before"},{"type":"number","id":"product_title_size","label":"Product title size","info":"put only numeric value eg: 20"},{"type":"header","content":"Product description"},{"type":"checkbox","id":"product_description","label":"Product description"},{"type":"radio","id":"move_product_desc","info":"Which place show product description","options":[{"value":"move_product_desc_quantity","label":"Quantity"},{"value":"move_product_desc_addtocart","label":"Add to cart"},{"value":"move_product_desc_timer","label":"Timer"}],"label":"Allow to move product description after"},{"type":"header","content":"change the order of the Product page element"},{"type":"select","id":"order_element1","label":"First Element","options":[{"value":"element_add_to_cart","label":"Add To Cart"},{"value":"element_progress_bar","label":"Progress bar"},{"value":"element_timer","label":"Timer"}],"default":"element_add_to_cart","info":"Add To Cart"},{"type":"select","id":"order_element2","label":"Second Element","options":[{"value":"element_add_to_cart","label":"Add To Cart"},{"value":"element_progress_bar","label":"Progress bar"},{"value":"element_timer","label":"Timer"}],"default":"element_progress_bar","info":"Progress bar"},{"type":"select","id":"order_element3","label":"Third Element","options":[{"value":"element_add_to_cart","label":"Add To Cart"},{"value":"element_progress_bar","label":"Progress bar"},{"value":"element_timer","label":"Timer"}],"default":"element_timer","info":"Timer"},{"type":"header","content":"Product variant image On Mobile"},{"type":"checkbox","id":"variant_on_mobile","label":"Show image variant"},{"type":"header","content":"Product variant choise"},{"type":"radio","id":"variant_swacth","label":"Choose between color swatch or drop down menu for the variant","options":[{"value":"one","label":"Drop down menu"},{"value":"two","label":"Color swatch"}],"default":"one"},{"type":"color","id":"variant_swacth_back_color","label":"Select background color for selected swatch"},{"type":"color","id":"variant_swacth_text_color","label":"Select font color for selected swatch"},{"type":"header","content":"Social media sharing"},{"type":"checkbox","id":"social_sharing_products","label":"Enable product sharing"},{"type":"checkbox","id":"social_sharing_count","label":"Show shared count","info":"Only available for Facebook, Twitter, and Pinterest"},{"type":"select","id":"social_sharing_style","label":"Button style","options":[{"value":"","label":"Normal"},{"value":"is-large","label":"Large"},{"value":"is-clean","label":"Clean"}]},{"type":"checkbox","id":"share_facebook","label":"Share on Facebook"},{"type":"checkbox","id":"share_twitter","label":"Tweet on Twitter"},{"type":"checkbox","id":"share_pinterest","label":"Pin on Pinterest"},{"type":"checkbox","id":"share_fancy","label":"Add to Fancy"},{"type":"checkbox","id":"share_google","label":"+1 on Google Plus"},{"type":"image","id":"product_desc_below.png","label":"Image Display Below the Description"}]},{"name":"Product page Timer","settings":[{"type":"radio","id":"enable_timer_stg_on","options":[{"value":"enable_timer_stg_on","label":"ON timer"},{"value":"enable_timer_stg_off","label":"OFF timer"}],"label":"Timer Setting ON\/OFF"},{"type":"checkbox","id":"disable_timer_use_tag","label":"Timer disable using product tag","info":"disable the timer from certain product by using product tag: no-timer"},{"type":"header","content":"Timer feature type"},{"type":"radio","id":"enable_timer_stg","info":"TIMER-2: Randomly pick an hour from 15 minutes to 24hours , and a random number left in stock from 3 to 12. TIMER-3: custom time with cookies based time. product page refresh after timer not change continuous time countdown. TIMER-4: So you can set that at (22:00:00) it reset every day","options":[{"value":"enable_timer_custom","label":"TIMER-1: Custom Timer (You can set up the time you want to show up)"},{"value":"enable_timer_randomly","label":"TIMER-2: Random Timer (Choose randomly a time to show up)"},{"value":"enable_timer_custom_cookies","label":"TIMER-3: Enable timer (custom minutes and custom left number or inventory based left number) with cookies based**"},{"value":"enable_timer_custom_time_revise","label":"TIMER-4: Enable timer reset every day(custom left number)***"}],"label":"Timer Setting Option"},{"type":"header","content":"TIMER-3 setting Step 1"},{"type":"radio","id":"timer_cookies_set_type","options":[{"value":"timer_cookies_set_common","label":"Enable common cookies time for all product"},{"value":"timer_cookies_set_diff","label":"Enable different cookies time for all product"}],"label":"TIMER-3:cookies based timer of continue decreasing or different decrease"},{"type":"header","content":"TIMER-3 setting Step 2"},{"type":"radio","id":"enable_inventory_stock_number","info":"TIMER-3:for cookies based timer setting","options":[{"value":"enable_stock_number_custom","label":"Enable custom left number"},{"value":"enable_stock_number_random","label":"Enable random left number"},{"value":"enable_inventory_stock_number_with_not_desc","label":"Show up the real time inventory left number of the store (every time there’s a REAL sale, the number decrease.)"},{"value":"enable_inventory_stock_number_with_desc","label":"Cookie Based Show up the real time inventory left number of the store ( Start decreasing from the real number in stock )"}],"label":"TIMER-3:for enable cookies based timer of  left number"},{"type":"header","content":"Timer-4 setting"},{"type":"text","id":"enable_timer_reset_every_day","label":"Enable timer  reset every day(HH:mm:ss)","default":"10:00:00","info":"user put time 24 hours- example: 15:00:00 ,09:09:10, 01:01:01"},{"type":"header","content":"Timer and Progressbar"},{"type":"checkbox","id":"enable_timer_top_message","label":"Enable To Message"},{"type":"number","id":"enable_timer_stg_custom","label":"Enable timer  for custom seconds","info":"Note*:max second limit 359999 after more put second timer not work properly.  Example: 1500 second left = 25 minutes left","default":150},{"type":"text","id":"timer_top_message_value_before","label":"Top Message Text Before Number","default":"HURRY! ONLY [num] LEFT!","info":"HURRY! ONLY"},{"type":"number","id":"timer_top_message_value_num","label":"Top Message LEFT Number","default":10,"info":"Use number Example:1  ,where you want the product left qty to appear"},{"type":"text","id":"timer_top_message_value_after","label":"Top Message Text After Number","default":"LEFT!","info":"LEFT IN STOCK!"},{"type":"header","content":"Timer Model"},{"type":"radio","id":"enable_timer_model","options":[{"value":"timer_model1","label":"Model 1"},{"value":"timer_model2","label":"Model 2"},{"value":"timer_model3","label":"Model 3"},{"value":"timer_model5","label":"Model 4"},{"value":"timer_model6","label":"Model 5"}],"label":"Timer Model Type"}]},{"name":"Footer Above Setting","settings":[{"type":"header","content":"Footer text section"},{"type":"checkbox","id":"footer_above_enable","label":"Show Footer Shipping Section"},{"type":"header","content":"Image #1"},{"type":"image","id":"footer_above_logo1.png","label":"Footer Above image #1","max-width":50,"max-height":50},{"type":"text","id":"footer_above_header1","label":"Header #1"},{"type":"text","id":"footer_above_text1","label":"Text #1"},{"type":"header","content":"Image #2"},{"type":"image","id":"footer_above_logo2.png","label":"Footer Above image #2","max-width":50,"max-height":50},{"type":"text","id":"footer_above_header2","label":"Header #2"},{"type":"text","id":"footer_above_text2","label":"Text #2"}]},{"name":"Footer","settings":[{"type":"header","content":"About my shop"},{"type":"text","id":"footer-4-heading","label":"Heading"},{"type":"textarea","id":"footer-4-content","label":"content"},{"type":"header","content":"MEnu"},{"type":"text","id":"footer_2_heading","label":"Heading"},{"type":"link_list","id":"footer","label":"Menu list"},{"type":"header","content":"Newsletter"},{"type":"checkbox","id":"footer_newsletter_enable","label":"Show newsletter field"},{"type":"color","id":"newletterbtncolor","label":"Newsletter button color"},{"type":"text","id":"newsletter_form_action","label":"MailChimp form action URL","info":"[Where do I find my MailChimp form action URL?](http:\/\/docs.shopify.com\/support\/configuration\/store-customization\/where-do-i-get-my-mailchimp-form-action)"},{"type":"header","content":"Footer logo"},{"type":"checkbox","id":"footer_logo_enable","label":"enable footer logo"},{"type":"image","id":"footer_logo.png","label":"Footer Logo"},{"type":"header","content":"Payment icons"},{"type":"hidden","id":"footer_show_methods_of_payment","label":"Show methods of paymemt"},{"type":"checkbox","id":"pay_visa","label":"Show Visa"},{"type":"checkbox","id":"pay_master","label":"Show Mastercard"},{"type":"checkbox","id":"pay_american_express","label":"Show American Express"},{"type":"checkbox","id":"pay_paypal","label":"Show PayPal"},{"type":"checkbox","id":"pay_diners_club","label":"Show Diners Club"},{"type":"checkbox","id":"pay_discover","label":"Show Discover"},{"type":"header","content":"Footer bottom text"},{"type":"text","id":"buttom-footer-4-heading","label":"buttom Heading"},{"type":"text","id":"buttom-footer-4-heading_link","label":"buttom Heading link","info":"eg:https:\/\/www.shopify.in"},{"type":"text","id":"buttom-footer-4-content","label":"buttom content"},{"type":"text","id":"buttom-footer-4-content_link","label":"buttom content","info":"eg:https:\/\/www.shopify.in"},{"type":"header","content":"Back to top"},{"type":"checkbox","default":true,"label":"Enable back to top button","id":"enable_back_to_top"}]},{"name":"Cart page","settings":[{"type":"checkbox","id":"cart_notes_enable","label":"Enable cart notes"},{"type":"checkbox","id":"up_checkout_button_enable","label":"Enable up checkout button"},{"type":"checkbox","id":"cart_vendor_enable","label":"Show product vendor"},{"type":"color","id":"checkout_bg_color","label":"Checkout","info":"checkout Button Color"},{"type":"select","id":"ajax_cart_method","label":"Cart type","options":[{"value":"page","label":"Page"},{"value":"ajaxify_cart","label":"ajaxify cart"}]},{"type":"header","content":"Cart Page Timer"},{"type":"checkbox","id":"cart_enable","label":"Cart Enable"},{"type":"text","id":"cart_title","label":"Cart Title"},{"type":"number","id":"cart_timer_minute","label":"Cart Timer Minute","info":"Example: 1500 second left = 25 minutes left"},{"type":"color","id":"cart_timer_color","label":"Cart Timer Color"},{"type":"header","content":"cart page images setting"},{"type":"text","id":"cart_left_title","label":"Cart Left Title"},{"type":"image","id":"cart_left_image.png","label":"Left image","max-width":500,"max-height":100,"info":"Maximum logo dimensions are 500px wide by 100px high. The uploaded file will be resized to fit within those constraints."},{"type":"text","id":"cart_right_title","label":"Cart Right Title"},{"type":"image","id":"cart_right_image.png","label":"Right image","max-width":500,"max-height":100,"info":"Maximum logo dimensions are 500px wide by 100px high. The uploaded file will be resized to fit within those constraints."}]},{"name":"Social media","settings":[{"type":"checkbox","id":"footer_social_enable","label":"Show social media icons"},{"type":"text","id":"social_twitter_link","label":"Twitter URL","info":"Example: https:\/\/twitter.com\/shopify"},{"type":"text","id":"social_facebook_link","label":"Facebook URL","info":"Example: https:\/\/www.facebook.com\/shopify"},{"type":"text","id":"social_youtube_link","label":"Youtube URL","info":"Example: https:\/\/www.youtube.com\/shopify"},{"type":"text","id":"social_instagram_link","label":"Instagram URL","info":"Example: https:\/\/www.instagram.com\/shopify"},{"type":"text","id":"social_pinterest_link","label":"Pinterest URL","info":"Example: https:\/\/www.pinterest.com\/shopify"}]}]