{"current":{"color_background":"#ffffff","color_headings":"#222222","color_text":"#4d4d4d","color_links":"#29927d","color_button_background":"#ffab41","color_button_text":"#1a390c","color_header_background":"#34949e","color_header_text":"#ffffff","color_footer_background":"#f8f8f8","color_footer_text":"#5c5c5c","font_body":"Google_Cabin_400,400i,700,700i","font_heading":"Google_Cabin_400,400i,700,700i","product_show_vendor":false,"product_sales_badge":true,"product_sales_badge_style":"percentile","product_ratings_reviews":true,"product_social_sharing":true,"product_cart_redirect":false,"product_grid_emphasize_price":true,"product_grid_image_style":"small","product_grid_quick_look":true,"product_grid_quick_buy":true,"social_facebook":"#","social_twitter":"#","social_google":"","social_pinterest":"","social_instagram":"#","social_tumblr":"","social_vimeo":"","social_youtube":"","social_email":"","favicon":"","enable_currency_converter":true,"currency_display_format":"money_format","currency_converter_currencies":"INR GBP CAD USD AUD EUR JPY","currency_converter_default":"USD","checkout_header_image":"","checkout_logo_image":"shopify:\/\/shop_images\/nailsource_25_3b8e6bb9-58f8-4824-b40b-e1963531cbd8.png","checkout_logo_position":"center","checkout_logo_size":"large","checkout_body_background_image":"","checkout_body_background_color":"#fff","checkout_input_background_color_mode":"white","checkout_sidebar_background_image":"","checkout_sidebar_background_color":"#fafafa","checkout_heading_font":"Helvetica Neue","checkout_body_font":"Helvetica Neue","checkout_accent_color":"#1990c6","checkout_button_color":"#1990c6","checkout_error_color":"#ff6d6d","sections":{"home-promo-mosaic":{"type":"dynamic-promo-mosaic","blocks":{"promo-mosaic-block-1":{"type":"promotion","settings":{"image":"shopify:\/\/shop_images\/babys-room.jpg","title":"FURNITURE & EQUIPMENT","text":"Find the best quality furniture and its equipment here.","color":"#686666","block_link":"shopify:\/\/collections\/furniture-equipment","button_text":"SHOP NOW","button_style":"primary"}},"promo-mosaic-block-2":{"type":"promotion","settings":{"image":"shopify:\/\/shop_images\/product-image-340179726.jpg","title":"ARCYLIC","text":"","color":"#4d4d4d","block_link":"shopify:\/\/collections\/acrylic","button_text":"SHOP NOW","button_style":"primary"}},"promo-mosaic-block-3":{"type":"promotion","settings":{"image":"shopify:\/\/shop_images\/landscape-1445633231-g-gel-56515777.jpg","title":"GEL","text":"Shop the best and amazing quality gel products.","color":"#ffffff","block_link":"shopify:\/\/collections\/gel","button_text":"SHOP NOW","button_style":"primary"}},"1521054112823":{"type":"promotion","settings":{"image":"shopify:\/\/shop_images\/fashion-nails.jpg","title":"Nail Tools & Accessories","text":"","color":"#4d4d4d","block_link":"shopify:\/\/collections\/nail-tools-accessories","button_text":"SHOP NOW","button_style":"primary"}},"1521054118220":{"type":"promotion","settings":{"image":"shopify:\/\/shop_images\/woman-getting-mascara-makeup.jpg","title":"EYELASHES","text":"","color":"#ffffff","block_link":"shopify:\/\/collections\/eyelashes","button_text":"SHOP NOW","button_style":"primary"}}},"block_order":["promo-mosaic-block-1","promo-mosaic-block-2","1521054112823","promo-mosaic-block-3","1521054118220"],"settings":{"title":"","section_height":"small"}},"static-header":{"type":"static-header","settings":{"sticky_header":true,"logo":"shopify:\/\/shop_images\/logo_f7fdb53b-4a3f-4380-bf04-2f99e1c4cc3f.png","enable_live_search":true,"enable_live_search_images":true,"enable_live_search_articles_pages":false,"quick_links":"main-menu","menu":"myhome","meganav_trigger":""}},"static-footer":{"type":"static-footer","blocks":{"1521037562255":{"type":"rich_text","settings":{"title":"About Us","text":"<p>Shop Nail Source for nail supplies, lotion, nail table, callus removers, dipping powder and many other products at wholesale price.<\/p>"}},"1521037567507":{"type":"menu","settings":{"menu":"footer"}},"1521037605573":{"type":"menu","settings":{"menu":"need-help"}},"1521037557968":{"type":"social_accounts","settings":{}},"1521037508510":{"type":"newsletter","settings":{"title":"JOIN OUR NEWSLETTER","text":"<p>Subscribe to our newsletter and enjoy the special insider only discounts.<\/p>"}}},"block_order":["1521037562255","1521037567507","1521037605573","1521037557968","1521037508510"],"settings":{"payment_icons":true,"additional_menu":""}},"static-collection":{"type":"static-collection","blocks":{"1505243587792":{"type":"menu","settings":{"menu":""}}},"block_order":["1505243587792"],"settings":{"show_collection_image":true,"products_per_page_range":24,"sort_by":true,"show_by":true,"show_sidebar":true,"filter_style":"tags","filter_limit":"999","filter_position":"above_menus","menu_depth_range":3}},"static-product":{"type":"static-product","settings":{"layout":"layout--three-col","enable_related_products":true}},"1505404911643":{"type":"dynamic-promo-grid","blocks":{"1505404911643-0":{"type":"promotion","settings":{"image":"shopify:\/\/shop_images\/front2_0b8ad53f-56c4-4dbc-98fd-0a476db15e01.jpg","title":"","text":"","color":"#4d4d4d","block_link":"","button_text":"","button_style":"primary","promo_width":"half-width"}},"1505404911643-1":{"type":"promotion","settings":{"image":"shopify:\/\/shop_images\/Pedicure-2.jpg","title":"PEDICURE","text":"","color":"#404040","block_link":"shopify:\/\/collections\/pedicure","button_text":"SHOP NOW","button_style":"primary","promo_width":"half-width"}},"1521054135192":{"type":"promotion","settings":{"image":"shopify:\/\/shop_images\/makeup-powder-foundation-brushes.jpg","title":"DIPPING PWODERS","text":"","color":"#ffffff","block_link":"shopify:\/\/collections\/dipping-powders","button_text":"SHOP NOW","button_style":"primary","promo_width":"half-width"}},"1521054139402":{"type":"promotion","settings":{"image":"shopify:\/\/shop_images\/maxresdefault.jpg","title":"CUTICLE OILS & REMOVERS","text":"","color":"#141414","block_link":"shopify:\/\/collections\/cuticle-oils-removers","button_text":"SHOP NOW","button_style":"primary","promo_width":"half-width"}}},"block_order":["1521054135192","1505404911643-1","1505404911643-0","1521054139402"],"settings":{"title":"","section_height":"small"}},"1521037405626":{"type":"dynamic-featured-collection","settings":{"title":"","collection":"furniture-equipment","banner_color":"#ffffff","banner_image":""}},"1521052842233":{"type":"dynamic-featured-collection","settings":{"title":"","collection":"gel","banner_color":"#ffffff","banner_image":""}},"1521054974564":{"type":"dynamic-twitter-feed","settings":{"title":"","username":"","retweets":true,"images":true}},"1521054992481":{"type":"dynamic-logo-list","disabled":true,"blocks":{"1521054992481-0":{"type":"logo","settings":{"image":"","link":""}},"1521054992481-1":{"type":"logo","settings":{"image":"","link":""}},"1521054992481-2":{"type":"logo","settings":{"image":"","link":""}},"1521054992481-3":{"type":"logo","settings":{"image":"","link":""}},"1521054997916":{"type":"logo","settings":{"image":"","link":""}},"1521054999679":{"type":"logo","settings":{"image":"","link":""}}},"block_order":["1521054992481-0","1521054992481-1","1521054992481-2","1521054992481-3","1521054997916","1521054999679"],"settings":{"title":"OUR TRUSTED PARTNERS & CLIENTS!"}},"1521055230351":{"type":"dynamic-promo-grid","blocks":{"1521055230351-0":{"type":"promotion","settings":{"image":"shopify:\/\/shop_images\/GettyImages-809160314.jpg","title":"NAILSOURCE.US : EXPERT SERVICES! UNBEARABLE PRICES!","text":"Shop for nail supplies, lotion, nail table, callus removers, dipping powder and many other products at wholesale price.","color":"#2d2d2d","block_link":"shopify:\/\/collections","button_text":"EXPLORE ALL NOW","button_style":"primary","promo_width":"full-width"}}},"block_order":["1521055230351-0"],"settings":{"title":"","section_height":"large"}}},"content_for_index":["1521055230351","home-promo-mosaic","1505404911643","1521037405626","1521052842233","1521054974564","1521054992481"]},"presets":{"Supply":{"color_background":"#ffffff","color_headings":"#222222","color_text":"#4d4d4d","color_links":"#29927d","color_button_background":"#ffab41","color_button_text":"#1a390c","color_header_background":"#30656b","color_header_text":"#ffffff","color_footer_background":"#f8f8f8","color_footer_text":"#5c5c5c","font_body":"Google_Cabin_400,400i,700,700i","font_heading":"Google_Cabin_400,400i,700,700i","sections":{"home-promo-mosaic":{"type":"dynamic-promo-mosaic","blocks":{"promo-mosaic-block-1":{"type":"promotion","settings":{}},"promo-mosaic-block-2":{"type":"promotion","settings":{}},"promo-mosaic-block-3":{"type":"promotion","settings":{}}},"block_order":["promo-mosaic-block-1","promo-mosaic-block-2","promo-mosaic-block-3"],"settings":{}},"home-blog-posts":{"type":"dynamic-blog-posts","settings":{}},"home-twitter-feed":{"type":"dynamic-twitter-feed","settings":{}},"home-featured-collection-1":{"type":"dynamic-featured-collection","settings":{}},"home-promo-grid":{"type":"dynamic-promo-grid","blocks":{"promo-grid-block-1":{"type":"promotion","settings":{}},"promo-grid-block-2":{"type":"promotion","settings":{}},"promo-grid-block-3":{"type":"promotion","settings":{}},"promo-grid-block-4":{"type":"promotion","settings":{}}},"block_order":["promo-grid-block-1","promo-grid-block-2","promo-grid-block-3","promo-grid-block-4"],"settings":{}},"home-featured-collection-2":{"type":"dynamic-featured-collection","settings":{"title":""}}},"content_for_index":["home-promo-mosaic","home-promo-grid","home-featured-collection-1","home-featured-collection-2","home-blog-posts","home-twitter-feed"]},"Graphic":{"color_background":"#ffffff","color_headings":"#484848","color_text":"#4d4d4d","color_links":"#e32619","color_button_background":"#e32619","color_button_text":"#ffffff","color_header_background":"#ffffff","color_header_text":"#484848","color_footer_background":"#ffffff","color_footer_text":"#686868","font_body":"Google_Cabin_400,400i,700,700i","font_heading":"Google_Cabin_400,400i,700,700i","sections":{"static-collection":{"type":"static-collection","settings":{"filter_style":"groups","filter_limit":"5"}},"home-promo-mosaic":{"type":"dynamic-promo-mosaic","blocks":{"home-promo-mosaic-1":{"type":"promotion","settings":{}},"home-promo-mosaic-2":{"type":"promotion","settings":{}},"home-promo-mosaic-3":{"type":"promotion","settings":{}},"home-promo-mosaic-4":{"type":"promotion","settings":{}}},"block_order":["home-promo-mosaic-1","home-promo-mosaic-2","home-promo-mosaic-3","home-promo-mosaic-4"],"settings":{}},"home-promo-grid":{"type":"dynamic-promo-grid","blocks":{"home-promo-grid-1":{"type":"promotion","settings":{"promo_width":"full-width"}},"home-promo-grid-2":{"type":"promotion","settings":{}},"home-promo-grid-3":{"type":"promotion","settings":{}}},"block_order":["home-promo-grid-1","home-promo-grid-2","home-promo-grid-3"],"settings":{}},"home-featured-collection-1":{"type":"dynamic-featured-collection","settings":{}},"home-menu-list":{"type":"dynamic-menu-list","blocks":{"home-menu-list-1":{"type":"menu","settings":{}},"home-menu-list-2":{"type":"menu","settings":{}},"home-menu-list-3":{"type":"menu","settings":{}}},"block_order":["home-menu-list-1","home-menu-list-2","home-menu-list-3"],"settings":{"title":"Menu list"}},"home-blog-posts":{"type":"dynamic-blog-posts","settings":{}},"home-twitter-feed":{"type":"dynamic-twitter-feed","settings":{}},"home-instagram-feed":{"type":"dynamic-instagram-feed","settings":{}}},"content_for_index":["home-promo-mosaic","home-promo-grid","home-featured-collection-1","home-menu-list","home-blog-posts","home-instagram-feed","home-twitter-feed"]},"Industrial":{"color_background":"#ffffff","color_headings":"#4c4c4c","color_text":"#4c5154","color_links":"#0076de","color_button_background":"#0076de","color_button_text":"#ffffff","color_header_background":"#1d2236","color_header_text":"#ffffff","color_footer_background":"#edeff3","color_footer_text":"#5c5c5c","font_body":"Google_Libre+Franklin_400,400i,700,700i","font_heading":"Google_Arimo_400,400i,700,700i","sections":{"static-header":{"type":"static-header","settings":{}},"static-footer":{"type":"static-footer","blocks":{"static-footer-1":{"type":"menu","settings":{"menu":"footer"}},"static-footer-3":{"type":"newsletter","settings":{}}},"block_order":["static-footer-1","static-footer-3"],"settings":{"additional_menu":""}},"static-blog":{"type":"static-blog","settings":{"show_author":false}},"static-product":{"type":"static-product","settings":{"layout":"layout--three-col"}},"static-article":{"type":"static-article","settings":{"show_author":false}},"static-collection":{"type":"static-collection","settings":{"filter_style":"groups"}},"home-promo-mosaic":{"type":"dynamic-promo-mosaic","blocks":{"home-promo-mosaic-1":{"type":"promotion","settings":{}},"home-promo-mosaic-2":{"type":"promotion","settings":{}},"home-promo-mosaic-3":{"type":"promotion","settings":{}},"home-promo-mosaic-4":{"type":"promotion","settings":{}},"home-promo-mosaic-5":{"type":"promotion","settings":{}}},"block_order":["home-promo-mosaic-1","home-promo-mosaic-2","home-promo-mosaic-3","home-promo-mosaic-4","home-promo-mosaic-5"],"settings":{"section_height":"medium"}},"home-featured-collection":{"type":"dynamic-featured-collection","settings":{}},"home-promo-grid":{"type":"dynamic-promo-grid","blocks":{"home-promo-grid-1":{"type":"promotion","settings":{}},"home-promo-grid-2":{"type":"promotion","settings":{}}},"block_order":["home-promo-grid-1","home-promo-grid-2"],"settings":{}},"home-blog-posts":{"type":"dynamic-blog-posts","settings":{}},"home-collection-list":{"type":"dynamic-collection-list","blocks":{"home-collection-list-1":{"type":"collection","settings":{}},"home-collection-list-2":{"type":"collection","settings":{}},"home-collection-list-3":{"type":"collection","settings":{}},"home-collection-list-4":{"type":"collection","settings":{}}},"block_order":["home-collection-list-1","home-collection-list-2","home-collection-list-3","home-collection-list-4"],"settings":{}}},"content_for_index":["home-promo-mosaic","home-featured-collection","home-promo-grid","home-collection-list","home-blog-posts"]}}}