[{"name":"Welcome","settings":[{"type":"header","content":"Timber Theme Framework by [Shopify](http:\/\/www.shopify.com)"},{"type":"paragraph","content":"Theme settings allow designers to provide an easy way for any user to customize the look and feel of their shop without having to delve into HTML or CSS code. Please see our [help page on theme settings](http:\/\/docs.shopify.com\/themes\/theme-templates\/settings) to learn more about how you can make the theme customizable."},{"type":"paragraph","content":"If you require any support for Timber, please review the [documentation](http:\/\/shopify.github.io\/Timber\/) or contact us at [timber@shopify.com](mailto:timber@shopify.com)"}]},{"name":"Colors","settings":[{"type":"paragraph","content":"Use class=\"color\" on a an input tag to bring up the color picker. Only a few colors have been included here as an example."},{"type":"header","content":"General Colors"},{"type":"color","id":"color_primary","label":"Primary Color","default":"#191919","info":"Used for text primary color"},{"type":"color","id":"color_secondary","label":"Secondary Color","default":"#ffffff","info":"Used for text secondary color"},{"type":"color","id":"color_other","label":"Other Color","default":"#ffffff","info":"Used for text other color"},{"type":"color","id":"color_body_bg","label":"Body Background","default":"#ffffff"},{"type":"color","id":"color_borders","label":"General Border Color","default":"#f5f5f5"},{"type":"color","id":"sale_tag_bg","label":"Sale Tag Bg","default":"#636363"},{"type":"color","id":"offer_tag_bg","label":"Offer Tag Bg","default":"#636363"},{"type":"color","id":"sold_tag_bg","label":"Sold Tag Bg","default":"#636363"},{"type":"color","id":"price_text","label":"Price Text","default":"#636363"},{"type":"color","id":"price_text_hover","label":"Price Text Hover","default":"#636363"},{"type":"color","id":"compare_price_text","label":"Compare Price Text","default":"#636363"},{"type":"color","id":"compare_price_text_hover","label":"Compare Price Text Hover","default":"#636363"},{"type":"color","id":"general_link","label":"General link","default":"#636363"},{"type":"color","id":"general_link_hover","label":"General link hover","default":"#636363"},{"type":"header","content":"Body Text"},{"type":"color","id":"color_body_text","label":"Body Text","default":"#333333"},{"type":"color","id":"border_title_color_1","label":"Border title color 1","default":"#00305f"},{"type":"color","id":"border_title_color_2","label":"Border title color 2","default":"#00305f"},{"type":"header","content":"Button 1"},{"type":"color","id":"button1_bg","label":"Button Background","default":"#00305f"},{"type":"color","id":"button1_bg_hover","label":"Button Hover Background","default":"#00305f"},{"type":"color","id":"button1_border","label":"Button border","default":"#191919"},{"type":"color","id":"button1_hover_border","label":"Button hover border","default":"#191919"},{"type":"color","id":"button1_inside_border","label":"Button inside border","default":"#191919"},{"type":"color","id":"button1_hover_inside_border","label":"Button hover inside border","default":"#191919"},{"type":"color","id":"button1_text","label":"Button Text","default":"#191919"},{"type":"color","id":"button1_text_hover","label":"Button hover Text","default":"#636363"},{"type":"header","content":"Button 2"},{"type":"color","id":"front_page_button2_bg","label":"Front Page Button Background","default":"#00305f"},{"type":"color","id":"best_sellers_button2_bg","label":"Best Sellers Button Background","default":"#00305f"},{"type":"color","id":"button2_bg_hover","label":"Button Hover Background","default":"#00305f"},{"type":"color","id":"button2_border","label":"Button border","default":"#191919"},{"type":"color","id":"button2_hover_border","label":"Button hover border","default":"#191919"},{"type":"color","id":"button2_inside_border","label":"Button 2 inside border","default":"#191919"},{"type":"color","id":"button2_hover_inside_border","label":"Button 2 hover inside border","default":"#191919"},{"type":"color","id":"button2_text","label":"Button Text","default":"#191919"},{"type":"color","id":"button2_text_hover","label":"Button hover Text","default":"#636363"},{"type":"color","id":"header1_text","label":"Heading Type 1","default":"#191919"},{"type":"color","id":"header2_text","label":"Heading Type 2","default":"#fff"},{"type":"color","id":"header_borer","label":"Header Section Border","default":"#fff"},{"type":"color","id":"back_to_top_bg","label":"Top Button bg","default":"#fff"},{"type":"color","id":"back_to_top_text","label":"Top Button Text","default":"#fff"},{"type":"header","content":"Top Bar"},{"type":"color","id":"topbar_bg","label":"Topbar Background","default":"#ffffff"},{"type":"color","id":"topbar_text","label":"Topbar Text","default":"#191919"},{"type":"color","id":"topbar_text_hover","label":"Topbar hover Text","default":"#636363"},{"type":"color","id":"topbar_text_border","label":"Topbar Text Border","default":"#636363"},{"type":"color","id":"cart_count_bg","label":"Cart count bg","default":"#636363"},{"type":"color","id":"cart_count_bg_hover","label":"Cart count bg hover","default":"#636363"},{"type":"color","id":"menubar_bg","label":"Menubar Background","default":"#00305f"},{"type":"color","id":"menubar_text","label":"Menubar Text","default":"#191919"},{"type":"color","id":"menubar_text_hover","label":"Menubar hover Text","default":"#636363"},{"type":"color","id":"menubar_text_bg","label":"Menubar text Bg","default":"#c42053"},{"type":"color","id":"menubar_text_border","label":"Menubar Text Border","default":"#636363"},{"type":"color","id":"mega_menu_bg","label":"Mega Menu Bg","default":"#636363"},{"type":"color","id":"simple_drop_down_bg","label":"Simple DropDown Menu Bg","default":"#636363"},{"type":"header","content":"Product Detail Page"},{"type":"color","id":"product_detail_section_bg","label":"Product Detail Section Bg","default":"#bbbbbb"},{"type":"color","id":"product_desc_bg","label":"Product Description Bg","default":"#bbbbbb"},{"type":"color","id":"quantity_box_color","label":"Quantity Adjustment Bg","default":"#bbbbbb"},{"type":"color","id":"quantity_bg","label":"Quantity Bg","default":"#bbbbbb"},{"type":"color","id":"addcart_bg","label":"Addcart Btn Bg","default":"#bbbbbb"},{"type":"color","id":"addcart_hover_bg","label":"Addcart Btn HoverBg","default":"#bbbbbb"},{"type":"color","id":"addcart_borer","label":"Addcart Btn Border","default":"#bbbbbb"},{"type":"color","id":"addcart_hover_borer","label":"Addcart Btn Hover Border","default":"#bbbbbb"},{"type":"color","id":"addcart_inside_borer","label":"Addcart Btn Inside Border","default":"#bbbbbb"},{"type":"color","id":"addcart_inside_hover_borer","label":"Addcart Btn Inside Hover Border","default":"#bbbbbb"},{"type":"color","id":"addcart_text","label":"Addcart Btn Text","default":"#bbbbbb"},{"type":"color","id":"addcart_text_hover","label":"Addcart Btn Text Hover","default":"#bbbbbb"},{"type":"header","content":"Footer"},{"type":"color","id":"color_footer_social_link","label":"Social Icons","default":"#bbbbbb"},{"type":"color","id":"color_footer_social_link_hover","label":"Social Icons Hover","default":"#ffffff"},{"type":"color","id":"color_footer_social_link_border","label":"Social Icons Border","default":"#bbbbbb"},{"type":"color","id":"color_footer_social_link_border_hover","label":"Social Icons Border hover","default":"#bbbbbb"},{"type":"color","id":"color_footer_social_link_bg","label":"Social Icons Bg","default":"#bbbbbb"},{"type":"color","id":"color_footer_social_link_bg_hover","label":"Social Icons Bg hover","default":"#bbbbbb"},{"type":"header","content":"Breadcrumb"},{"type":"checkbox","id":"breadcrumb_image","label":"Enable Breadcrumb Image"},{"type":"image","id":"breadcrumb.png","label":"Image"},{"type":"color","id":"breadcrumb_bg","label":"Breadcrumb Bg","default":"#f3f3f3"},{"type":"color","id":"breadcrumb_text_border","label":"Breadcrumb text border","default":"#bbbbbb"},{"type":"color","id":"breadcrumb_link","label":"Breadcrumb Link","default":"#bbbbbb"},{"type":"color","id":"breadcrumb_text","label":"Breadcrumb Text","default":"#bbbbbb"}]},{"name":"Typography","settings":[{"type":"header","content":"Font options"},{"type":"select","id":"base_font","label":"Body text font","options":[{"value":"Google+Arvo","label":"Arvo","group":"Google Web Fonts"},{"value":"Google+Asap","label":"Asap","group":"Google Web Fonts"},{"value":"Google+Cabin","label":"Cabin","group":"Google Web Fonts"},{"value":"Google+Copse","label":"Copse","group":"Google Web Fonts"},{"value":"Google+Droid+Sans","label":"Droid Sans","group":"Google Web Fonts"},{"value":"Google+Droid+Serif","label":"Droid Serif","group":"Google Web Fonts"},{"value":"Google+Gentium+Book+Basic","label":"Gentium Book Basic","group":"Google Web Fonts"},{"value":"Google+Josefin+Slab","label":"Josefin Slab","group":"Google Web Fonts"},{"value":"Google+Josefin+Sans","label":"Josefin Sans","group":"Google Web Fonts"},{"value":"Google+Kreon","label":"Kreon","group":"Google Web Fonts"},{"value":"Google+Lato","label":"Lato","group":"Google Web Fonts"},{"value":"Google+Montserrat","label":"Montserrat","group":"Google Web Fonts"},{"value":"Google+Merriweather","label":"Merriweather","group":"Google Web Fonts"},{"value":"Google+Old+Standard+TT","label":"Old Standard TT","group":"Google Web Fonts"},{"value":"Google+Open+Sans","label":"Open Sans","group":"Google Web Fonts"},{"value":"ProximaNovaLight","label":"Proxima Nova","group":"Web Fonts"},{"value":"Helvetica, Arial, sans-serif","label":"Helvetica\/Arial","group":"Sans-serif"},{"value":"Impact, Charcoal, Helvetica, Arial, sans-serif","label":"Impact","group":"Sans-serif"},{"value":"'Lucida Grande', 'Lucida Sans Unicode', 'Lucida Sans', Lucida, Helvetica, Arial, sans-serif","label":"Lucida Grande","group":"Sans-serif"},{"value":"Trebuchet MS, sans-serif","label":"Trebuchet MS","group":"Sans-serif"},{"value":"Verdana, Helvetica, Arial, sans-serif","label":"Verdana","group":"Sans-serif"},{"value":"Garamond, Baskerville, Caslon, serif","label":"Garamond","group":"Serif"},{"value":"Georgia, Utopia, 'Times New Roman', Times, serif","label":"Georgia","group":"Serif"},{"value":"Palatino, 'Palatino Linotype', 'Book Antiqua', serif","label":"Palatino","group":"Serif"},{"value":"'Times New Roman', Times, serif","label":"Times New Roman","group":"Serif"},{"value":"'Courier New', Courier, monospace","label":"Courier New","group":"Monospace"},{"value":"Monaco, 'Lucida Console', 'DejaVu Sans Mono', monospace","label":"Monaco\/Lucida Console","group":"Monospace"}]},{"type":"select","id":"header_font","label":"Secondary font","options":[{"value":"Google+Arvo","label":"Arvo","group":"Google Web Fonts"},{"value":"Google+Asap","label":"Asap","group":"Google Web Fonts"},{"value":"Google+Cabin","label":"Cabin","group":"Google Web Fonts"},{"value":"Google+Copse","label":"Copse","group":"Google Web Fonts"},{"value":"Google+Droid+Sans","label":"Droid Sans","group":"Google Web Fonts"},{"value":"Google+Droid+Serif","label":"Droid Serif","group":"Google Web Fonts"},{"value":"Google+Gentium+Book+Basic","label":"Gentium Book Basic","group":"Google Web Fonts"},{"value":"Google+Josefin+Slab","label":"Josefin Slab","group":"Google Web Fonts"},{"value":"Google+Josefin+Sans","label":"Josefin Sans","group":"Google Web Fonts"},{"value":"Google+Kreon","label":"Kreon","group":"Google Web Fonts"},{"value":"Google+Lato","label":"Lato","group":"Google Web Fonts"},{"value":"Google+Libre+Baskerville","label":"Libre Baskerville","group":"Google Web Fonts"},{"value":"Google+Merriweather","label":"Merriweather","group":"Google Web Fonts"},{"value":"Google+Montserrat","label":"Montserrat","group":"Google Web Fonts"},{"value":"Google+Old+Standard+TT","label":"Old Standard TT","group":"Google Web Fonts"},{"value":"Google+Open+Sans","label":"OpenSans","group":"Google Web Fonts"},{"value":"ProximaNovaLight","label":"Proxima Nova","group":"Web Fonts"},{"value":"Helvetica, Arial, sans-serif","label":"Helvetica\/Arial","group":"Sans-serif"},{"value":"Impact, Charcoal, Helvetica, Arial, sans-serif","label":"Impact","group":"Sans-serif"},{"value":"'Lucida Grande', 'Lucida Sans Unicode', 'Lucida Sans', Lucida, Helvetica, Arial, sans-serif","label":"Lucida Grande","group":"Sans-serif"},{"value":"Trebuchet MS, sans-serif","label":"Trebuchet MS","group":"Sans-serif"},{"value":"Verdana, Helvetica, Arial, sans-serif","label":"Verdana","group":"Sans-serif"},{"value":"Garamond, Baskerville, Caslon, serif","label":"Garamond","group":"Serif"},{"value":"Georgia, Utopia, 'Times New Roman', Times, serif","label":"Georgia","group":"Serif"},{"value":"Palatino, 'Palatino Linotype', 'Book Antiqua', serif","label":"Palatino","group":"Serif"},{"value":"'Times New Roman', Times, serif","label":"Times New Roman","group":"Serif"},{"value":"'Courier New', Courier, monospace","label":"Courier New","group":"Monospace"},{"value":"Monaco, 'Lucida Console', 'DejaVu Sans Mono', monospace","label":"Monaco\/Lucida Console","group":"Monospace"}]},{"type":"select","id":"other_font","label":"Other font","options":[{"value":"Google+Arvo","label":"Arvo","group":"Google Web Fonts"},{"value":"Google+Asap","label":"Asap","group":"Google Web Fonts"},{"value":"Google+Cabin","label":"Cabin","group":"Google Web Fonts"},{"value":"Google+Copse","label":"Copse","group":"Google Web Fonts"},{"value":"Google+Droid+Sans","label":"Droid Sans","group":"Google Web Fonts"},{"value":"Google+Droid+Serif","label":"Droid Serif","group":"Google Web Fonts"},{"value":"Google+Gentium+Book+Basic","label":"Gentium Book Basic","group":"Google Web Fonts"},{"value":"Google+Josefin+Slab","label":"Josefin Slab","group":"Google Web Fonts"},{"value":"Google+Josefin+Sans","label":"Josefin Sans","group":"Google Web Fonts"},{"value":"Google+Kreon","label":"Kreon","group":"Google Web Fonts"},{"value":"Google+Lato","label":"Lato","group":"Google Web Fonts"},{"value":"Google+Libre+Baskerville","label":"Libre Baskerville","group":"Google Web Fonts"},{"value":"Google+Merriweather","label":"Merriweather","group":"Google Web Fonts"},{"value":"Google+Montserrat","label":"Montserrat","group":"Google Web Fonts"},{"value":"Google+Old+Standard+TT","label":"Old Standard TT","group":"Google Web Fonts"},{"value":"Google+Open+Sans","label":"OpenSans","group":"Google Web Fonts"},{"value":"ProximaNovaLight","label":"Proxima Nova","group":"Web Fonts"},{"value":"Helvetica, Arial, sans-serif","label":"Helvetica\/Arial","group":"Sans-serif"},{"value":"Impact, Charcoal, Helvetica, Arial, sans-serif","label":"Impact","group":"Sans-serif"},{"value":"'Lucida Grande', 'Lucida Sans Unicode', 'Lucida Sans', Lucida, Helvetica, Arial, sans-serif","label":"Lucida Grande","group":"Sans-serif"},{"value":"Trebuchet MS, sans-serif","label":"Trebuchet MS","group":"Sans-serif"},{"value":"Verdana, Helvetica, Arial, sans-serif","label":"Verdana","group":"Sans-serif"},{"value":"Garamond, Baskerville, Caslon, serif","label":"Garamond","group":"Serif"},{"value":"Georgia, Utopia, 'Times New Roman', Times, serif","label":"Georgia","group":"Serif"},{"value":"Palatino, 'Palatino Linotype', 'Book Antiqua', serif","label":"Palatino","group":"Serif"},{"value":"'Times New Roman', Times, serif","label":"Times New Roman","group":"Serif"},{"value":"'Courier New', Courier, monospace","label":"Courier New","group":"Monospace"},{"value":"Monaco, 'Lucida Console', 'DejaVu Sans Mono', monospace","label":"Monaco\/Lucida Console","group":"Monospace"}]}]},{"name":"Header","settings":[{"type":"header","content":"Top Links"},{"type":"checkbox","id":"top_menu_display_navigation","label":"Show top menu navigation?"},{"type":"link_list","id":"top_menu_linklist","label":"Pick Linklist"},{"type":"checkbox","id":"display_minicart","label":"Show minicart?"},{"type":"checkbox","id":"display_currency","label":"Display currency?"},{"type":"header","content":"Logo"},{"type":"checkbox","id":"logo_use_image","label":"Use Custom Logo"},{"type":"image","id":"logo.png","label":"Custom Logo","max-width":450,"max-height":200,"info":"Maximum logo dimensions are 450px wide by 200px high. The uploaded file will be resized to fit within those constraints."},{"type":"text","id":"logo_max_width","label":"Max Logo Width","default":"450","info":"Defines the CSS max-width."},{"type":"header","content":"Favicon"},{"type":"checkbox","id":"favicon_enable","label":"Use custom icon?"},{"type":"image","id":"favicon.png","label":"16px x 16px png","max-width":16,"max-height":16},{"type":"checkbox","id":"display_order_tracking","label":"Show order tracking?"},{"type":"text","id":"txt_order_tracking","label":"Order tracking heading?","default":"Track your order"},{"type":"text","id":"link_order_tracking","label":"Order tracking link?","default":"#"},{"type":"checkbox","id":"display_search","label":"Show search box?"},{"type":"header","content":"Mega Menu"},{"type":"checkbox","id":"use_megamenu","label":"Use Mega Menu?"},{"type":"link_list","id":"mega_menu_linklist","label":"Select linklist"},{"type":"text","id":"mega_one","label":"Mega Menu Name 1"},{"type":"text","id":"mega_two","label":"Mega Menu Name 2"},{"type":"text","id":"mega_three","label":"Mega Menu Name 3"},{"type":"text","id":"mega_four","label":"Mega Menu Name 4"},{"type":"text","id":"mega_five","label":"Mega Menu Name 5"}]},{"name":"Footer","settings":[{"type":"checkbox","id":"footer_display_social","label":"Show social media links?"},{"type":"text","id":"twitter_link","label":"Twitter link"},{"type":"text","id":"facebook_link","label":"Facebook link"},{"type":"text","id":"google_link","label":"Google+ link"},{"type":"text","id":"youtube_link","label":"Youtube link"},{"type":"text","id":"vimeo_link","label":"Vimeo link"},{"type":"text","id":"pinterest_link","label":"Pinterest link"},{"type":"text","id":"instagram_link","label":"Instagram link"},{"type":"text","id":"tumblr_link","label":"Tumblr link"},{"type":"text","id":"linkedin_link","label":"Linkedin"},{"type":"text","id":"dribbble_link","label":"Dribbble"},{"type":"text","id":"rss_link","label":"rss"},{"type":"header","content":"Support section"},{"type":"checkbox","id":"show_support_section","label":"Show support section"},{"type":"color","id":"footer_icon_section_bg","label":"Support  Section Bg","default":"#bbbbbb"},{"type":"image","id":"help_link1.png","label":"Image"},{"type":"text","id":"call_us","label":"Call US"},{"type":"text","id":"call_link","label":"Link"},{"type":"image","id":"help_link2.png","label":"Image"},{"type":"text","id":"write_us","label":"Write US"},{"type":"text","id":"write_link","label":"Link"},{"type":"image","id":"help_link3.png","label":"Image"},{"type":"text","id":"support_us","label":"Support US"},{"type":"text","id":"support_link","label":"Link"},{"type":"image","id":"help_link4.png","label":"Image"},{"type":"text","id":"offer_zone","label":"Offer Zone"},{"type":"text","id":"offer_link","label":"Link"},{"type":"color","id":"footer_bottom_bg","label":"Footer Bottom Bg","default":"#191919"},{"type":"color","id":"footer_bottom_border_color","label":"Footer Bottom Border Color","default":"#191919"},{"type":"checkbox","id":"show_footer_logo","label":"Show footer logo?"},{"type":"image","id":"footer_logo.png","label":"Image"},{"type":"checkbox","id":"show_footer_menu","label":"Show footer menu?"},{"type":"header","content":"Payment Method Icons"},{"type":"checkbox","id":"show_payment_icons","label":"Show Payment methods?"},{"type":"checkbox","id":"accept_visa","label":"Visa"},{"type":"checkbox","id":"accept_mastercard","label":"Mastercard"},{"type":"checkbox","id":"accept_amex","label":"American Express"},{"type":"checkbox","id":"accept_discover","label":"Discover"},{"type":"checkbox","id":"accept_paypal","label":"PayPal"},{"type":"checkbox","id":"accept_google","label":"Google"},{"type":"checkbox","id":"accept_bitcoin","label":"Bitcoin"},{"type":"checkbox","id":"copyright_text_1","label":"Copyright Text 1"},{"type":"text","id":"designthemes","label":"Copyright Text 1"},{"type":"checkbox","id":"copyright_text_2","label":"Copyright Text 2"},{"type":"text","id":"powered","label":"Copyright Text 2"},{"type":"checkbox","id":"copyright_text_3","label":"Copyright Text 3"},{"type":"text","id":"shopify","label":"Copyright Text 3"},{"type":"color","id":"copyright_bg","label":"Copyright Bg","default":"#636363"},{"type":"color","id":"copyright_border","label":"Copyright Border","default":"#636363"},{"type":"color","id":"copyright_text","label":"Copyright Text","default":"#636363"},{"type":"color","id":"copyright_text_hover","label":"Copyright Text Hover","default":"#636363"},{"type":"checkbox","id":"footer_newsletter_enable","label":"Show Newsletter Field"},{"type":"text","id":"newsletter_form_action","label":"MailChimp Form Action URL","info":"[Where do I find my MailChimp form action URL?](http:\/\/docs.shopify.com\/support\/configuration\/store-customization\/where-do-i-get-my-mailchimp-form-action)"}]},{"name":"Slider","settings":[{"type":"header","content":"Slideshow banner"},{"type":"paragraph","content":"For best results, upload images that are at least 1920px wide. Try to keep your slideshow images the same size."},{"type":"checkbox","id":"show_slideshow","label":"Enable Slide Show"},{"type":"paragraph","content":"Slide #1"},{"type":"checkbox","id":"slide_1","label":"Show?"},{"type":"image","id":"slideshow_1.jpg","label":"Image"},{"type":"paragraph","content":"Slide #2"},{"type":"checkbox","id":"slide_2","label":"Show?"},{"type":"image","id":"slideshow_2.jpg","label":"Image"},{"type":"paragraph","content":"Slide #3"},{"type":"checkbox","id":"slide_3","label":"Show?"},{"type":"image","id":"slideshow_3.jpg","label":"Image"},{"type":"text","id":"slider1_title","label":"Slider1 title"},{"type":"color","id":"slide_1_heading","default":"#000000"},{"type":"text","id":"slider1_subtitle","label":"Slider1  sub title"},{"type":"color","id":"slide_1_subheading","default":"#ffffff"},{"type":"textarea","id":"slider1_content","label":"Slider1 Content"},{"type":"color","id":"slide_1_desc","default":"#ffffff"},{"type":"text","id":"slide_1_link","label":"Links to","default":"\/collections\/all"},{"type":"text","id":"slider2_title","label":"Slider2 title"},{"type":"color","id":"slide_2_heading","default":"#ffffff"},{"type":"text","id":"slider2_subtitle","label":"Slider2  sub title"},{"type":"color","id":"slide_2_subheading","default":"#ffffff"},{"type":"textarea","id":"slider2_content","label":"Slider2 Content"},{"type":"color","id":"slide_2_desc","default":"#000000"},{"type":"text","id":"slide_2_link","label":"Links to","default":"themeforest.net\/item\/deshop-shopify-theme-\/10839656"},{"type":"text","id":"slider3_title","label":"Slider3 title"},{"type":"color","id":"slide_3_heading","default":"#ffffff"},{"type":"text","id":"slider3_subtitle","label":"Slider3  sub title"},{"type":"color","id":"slide_3_subheading","default":"#ffffff"},{"type":"textarea","id":"slider3_content","label":"Slider3 Content"},{"type":"color","id":"slide_3_desc","default":"#ffffff"},{"type":"text","id":"slide_3_link","label":"Links to","default":"\/collections\/all"}]},{"name":"Instagram","settings":[{"type":"checkbox","id":"show_instagram","label":"Enable","default":true},{"type":"text","id":"instagram_title","label":"Title","default":"#Instagram"},{"type":"text","id":"client-id","label":"Client Id","default":"8c170224a0ae4352913ab2d8a9317d70","info":"[Where do I find Client ID?](http:\/\/darkwhispering.com\/how-to\/get-a-instagram-client_id-key)"},{"type":"text","id":"user-id","label":"User Id","default":"3317628269","info":"Use when Get Image from: 'User'. [Where do I find User ID and Access Token?](http:\/\/www.pinceladasdaweb.com.br\/instagram\/access-token\/)"},{"type":"text","id":"accessToken","label":"Access Token","default":"3317628269.1677ed0.36abb12d7c1b49aea51cfd8d83e8df36","info":"Required to use when Get Image from: 'User'."},{"type":"text","id":"limit","label":"Limit the number of images to show","default":"10"},{"type":"select","id":"resolution_images","label":"Resolution of images","options":[{"value":"thumbnail","label":"Thumbnail"},{"value":"low_resolution","label":"Low Resolution"},{"value":"standard_resolution","label":"Standard Resolution"}]}]},{"name":"Home Page","settings":[{"type":"checkbox","id":"show_loader","label":"Show loader?"},{"type":"checkbox","id":"show_banner_bottom_info","label":"Show slider bottom info?"},{"type":"color","id":"slider_bottom_bg","label":"Slider bottom bg","default":"#191919"},{"type":"color","id":"slider_bottom_first_border_color","label":"Slider bottom first border color","default":"#191919"},{"type":"color","id":"slider_bottom_sec_border_color","label":"Slider bottom second border color","default":"#33597f"},{"type":"text","id":"banner-bottom-info","label":"Title"},{"type":"text","id":"banner-bottom-subinfo","label":"Description"},{"type":"checkbox","id":"show_front_page_collections_1","label":"Show front page collection 1?"},{"type":"collection","id":"frontpage-collctions-one","label":"Collection name"},{"type":"image","id":"front_page_collections_1.png","label":"Collection image"},{"type":"checkbox","id":"show_front_page_collections_1_link_bg","label":"Show front page collection link bg color?"},{"type":"checkbox","id":"show_front_page_collections_2","label":"Show front page collection 2?"},{"type":"collection","id":"frontpage-collction-two","label":"Collection name"},{"type":"color","id":"best_seller_bg","label":"Best Seller Bg","default":"#191919"},{"type":"checkbox","id":"show_middle_left","label":"Show left Adv image"},{"type":"image","id":"middle-image-left.png","label":"Add image left"},{"type":"text","id":"middle-heading-left","label":"Heading"},{"type":"text","id":"middle-linktext-left","label":"Link Text"},{"type":"text","id":"middle-link-left","label":"Link"},{"type":"checkbox","id":"show_middle_right","label":"Show right Adv image"},{"type":"image","id":"middle-image-right.png","label":"Add image right"},{"type":"text","id":"middle-heading-right","label":"Heading"},{"type":"text","id":"middle-linktext-right","label":"Link Text"},{"type":"text","id":"middle-link-right","label":"Link"},{"type":"checkbox","id":"show_middle_banner","label":"Show banner Adv image"},{"type":"image","id":"middle-image-banner.png","label":"Add image banner"},{"type":"image","id":"banner_triangle.png","label":"Banner triangle img"},{"type":"color","id":"left_side_img_banner_bg","label":"Left side banner section bg","default":"#191919"},{"type":"text","id":"left-side-heading-banner1","label":"Discount Text 1"},{"type":"text","id":"left-side-heading-banner2","label":"Discount Text 2"},{"type":"text","id":"left-side-heading-banner3","label":"Discount"},{"type":"color","id":"left-side-heading-banner_color","label":"Discount Text Color","default":"#191919"},{"type":"color","id":"discount_bg","label":"Discount Des Bg","default":"#191919"},{"type":"color","id":"discount_color","label":"Discount Des Color","default":"#191919"},{"type":"text","id":"left-side-banner_text","label":"Banner Text"},{"type":"text","id":"middle-heading-banner","label":"Heading"},{"type":"color","id":"middle-heading-banner_color","label":"Heading color","default":"#191919"},{"type":"text","id":"middle-linktext-banner","label":"Link Text"},{"type":"color","id":"middle-linktext-banner_color","label":"Link color","default":"#191919"},{"type":"text","id":"middle-link-banner","label":"Link"},{"type":"checkbox","id":"show_front_page_collections_3","label":"Show front page collection 3?"},{"type":"collection","id":"frontpage-collctions-three","label":"Collection name"},{"type":"image","id":"front_page_collections_3.png","label":"Collection image"},{"type":"checkbox","id":"show_front_page_collections_3_link_bg","label":"Show front page collection 3 link bg color?"},{"type":"checkbox","id":"show_front_page_collections_4","label":"Show front page collection 4?"},{"type":"collection","id":"frontpage-collction-four","label":"Collection name"},{"type":"color","id":"frontpage_bg","label":"Frontpage Bg","default":"#191919"},{"type":"checkbox","id":"show_blog_section","label":"Show blog section?"}]},{"name":"Collection Page","settings":[{"type":"image","id":"grid_list_img.png","label":"Grid List image?"},{"type":"checkbox","id":"show_collection_bottom_info","label":"Show collection bottom info?"},{"type":"text","id":"collection-bottom-info","label":"Title"},{"type":"text","id":"collection-bottom-subinfo","label":"Description"},{"type":"checkbox","id":"show_collection_page_collections_2","label":"Show collection page collection 2?"},{"type":"collection","id":"collectionpage-collctions-two","label":"Collection name"},{"type":"color","id":"collection_bg_best_sell","label":"Best Sellers Bg","default":"#00305f"},{"type":"select","id":"collection_ppr","label":"Product per row","options":[{"value":"2","label":"2"},{"value":"3","label":"3"},{"value":"4","label":"4"}],"default":"3"},{"type":"select","id":"collection_ppp","label":"Product per page","options":[{"value":"9","label":"9"},{"value":"12","label":"12"},{"value":"24","label":"24"},{"value":"36","label":"36"}],"default":"12"},{"type":"image","id":"pagination-image.png","label":"Pagination image?"}]},{"name":"Collection Sidebar","settings":[{"type":"checkbox","id":"include_category","label":"Use Categories?"},{"type":"color","id":"sidebar_title_bg","label":"Sidebar heading bg","default":"#eeeeee"},{"type":"color","id":"sidebar_title_border","label":"Sidebar heading border","default":"#eeeeee"},{"type":"link_list","id":"featured_collection","label":"Choose featured collection linklist?"},{"type":"text","id":"featured_collections_title","label":"Heading"},{"type":"checkbox","id":"product_price_slider","label":"Use product price slider?"},{"type":"color","id":"product_price_slider_bg","label":"product price slider bg","default":"#191919"},{"type":"color","id":"product_price_slider_border","label":"product price slider border","default":"#191919"},{"type":"image","id":"product_price_slider_adj_img.png","label":"Price slider adjustment image"},{"type":"checkbox","id":"show_best_products","label":"Use best products?"},{"type":"collection","id":"sidebar_bestseller_collection","label":"Collection to use"},{"type":"text","id":"bestseller_products_title","label":"Heading"},{"type":"text","id":"sidebar_bestseller_collection_limit","label":"Product Limit","default":"4"},{"type":"color","id":"filter_checkbox_color","label":"Filter Checkbox Border","default":"#191919"},{"type":"checkbox","id":"include_filter_no_1","label":"Use filter no 1?"},{"type":"text","id":"filter_no_1_label","label":"Filter no 1 Label"},{"type":"link_list","id":"filter_no_1_linklist","label":"Filter no 1 Linklist"},{"type":"checkbox","id":"include_filter_no_2","label":"Use filter no 2?"},{"type":"text","id":"filter_no_2_label","label":"Filter no 2 Label"},{"type":"link_list","id":"filter_no_2_linklist","label":"Filter no 2 Linklist"},{"type":"checkbox","id":"include_filter_no_3","label":"Use filter no 3?"},{"type":"text","id":"filter_no_3_label","label":"Filter no 3 Label"},{"type":"link_list","id":"filter_no_3_linklist","label":"Filter no 3 Linklist"},{"type":"color","id":"tag_bg","label":"Collection Tag Bg","default":"#191919"},{"type":"color","id":"tag_bg_hover","label":"Collection Tag Bg Hover","default":"#191919"},{"type":"text","id":"collection_tag_title","label":"Heading"}]},{"name":"Blog Sidebar","settings":[{"type":"checkbox","id":"show_recent_articles","label":"Show Recent Articles","default":true},{"type":"checkbox","id":"show_blog_tags","label":"Show Blog Categories","default":true},{"type":"checkbox","id":"show_footer_tweets","label":"Enable Latest Tweets"},{"type":"text","id":"tweet_heading","label":"Heading"},{"type":"textarea","id":"tweet_embcode","label":"Embed Code","info":"[How to create latest tweets script](http:\/\/docs.shopify.com\/manual\/configuration\/store-customization\/social-media\/twitter\/how-do-i-embed-a-twitter-feed-in-my-shop)"}]},{"name":"Product Page","settings":[{"type":"checkbox","id":"product_transition_1","label":"Product transition 1?"},{"type":"checkbox","id":"product_transition_2","label":"Product Transition 2?"},{"type":"checkbox","id":"product-details-center-alignment","label":"Product detail section center alignment?"},{"type":"checkbox","id":"product-details-left-alignment","label":"Product detail section Left alignment?"},{"type":"checkbox","id":"enable_product_image_zoom","label":"Enable image zoom feature?"},{"type":"checkbox","id":"display_quantity_dropdown","label":"Display quantity box?"},{"type":"checkbox","id":"enable_color_swatch","label":"Enable color swatch?"},{"type":"checkbox","id":"enable_linked_option","label":"Enable linked options?"},{"type":"checkbox","id":"enable_right_details","label":"Enable right side custom details?"},{"type":"text","id":"custom_details_link_1","label":"Custom Icons 1 Link "},{"type":"text","id":"custom_details_link_2","label":"Custom Icons 2 Link"},{"type":"text","id":"custom_details_link_3","label":"Custom Icons 3 Link"},{"type":"image","id":"detail_right_img.png","label":"Details Right image?"},{"type":"checkbox","id":"enable_product_reviews","label":"Enable product reviews?"},{"type":"checkbox","id":"show_related_products","label":"Display related products?","default":true,"info":"(only visible when within a collection)"},{"type":"text","id":"related_products_title","label":"Heading"},{"type":"select","id":"number_of_related_products_to_show","label":"Number of related products to show","options":[{"value":"3","label":"3"},{"value":"4","label":"4"},{"value":"12","label":"12"},{"value":"20","label":"20"}],"default":"3"}]},{"name":"Faq s","settings":[{"type":"header","content":"Faq s"},{"type":"checkbox","id":"show_faq_section","label":"Faq section","default":true},{"type":"text","id":"faq_section_title","label":"Faq Section Title"},{"type":"checkbox","id":"show_framed_accordion","label":"Show Framed Accordion section","default":true},{"type":"checkbox","id":"faq_full_width","label":"Framed Accordion full width?","default":true},{"type":"text","id":"framed_accordion_title","label":"Framed Accordion Title"},{"type":"text","id":"framed_accordion_Q1","label":"Framed Accordion Question 1"},{"type":"textarea","id":"framed_accordion_ans1","label":"Framed Accordion Ans 1"},{"type":"text","id":"framed_accordion_Q2","label":"Framed Accordion Question 2"},{"type":"textarea","id":"framed_accordion_ans2","label":"Framed Accordion Ans 2"},{"type":"text","id":"framed_accordion_Q3","label":"Framed Accordion Question 3"},{"type":"textarea","id":"framed_accordion_ans3","label":"Framed Accordion Ans 3"},{"type":"text","id":"framed_accordion_Q4","label":"Framed Accordion Question 4"},{"type":"textarea","id":"framed_accordion_ans4","label":"Framed Accordion Ans 4"},{"type":"text","id":"framed_accordion_Q5","label":"Framed Accordion Question 5"},{"type":"textarea","id":"framed_accordion_ans5","label":"Framed Accordion Ans 5"},{"type":"checkbox","id":"show_standard_accordion","label":"Show Standard Accordion section","default":true},{"type":"checkbox","id":"standard_full_width","label":"Standard Accordion full width?","default":true},{"type":"text","id":"standard_accordion_title","label":"Standard Accordion Title"},{"type":"text","id":"standard_accordion_Q1","label":"Standard Accordion Question 1"},{"type":"textarea","id":"standard_accordion_ans1","label":"Standard Accordion Ans 1"},{"type":"text","id":"standard_accordion_Q2","label":"Standard Accordion Question 2"},{"type":"textarea","id":"standard_accordion_ans2","label":"Standard Accordion Ans 2"},{"type":"text","id":"standard_accordion_Q3","label":"Standard Accordion Question 3"},{"type":"textarea","id":"standard_accordion_ans3","label":"Standard Accordion Ans 3"},{"type":"text","id":"standard_accordion_Q4","label":"Standard Accordion Question 4"},{"type":"textarea","id":"standard_accordion_ans4","label":"Standard Accordion Ans 4"},{"type":"text","id":"standard_accordion_Q5","label":"Standard Accordion Question 5"},{"type":"textarea","id":"standard_accordion_ans5","label":"Standard Accordion Ans 5"},{"type":"text","id":"standard_accordion_Q6","label":"Standard Accordion Question 6"},{"type":"textarea","id":"standard_accordion_ans6","label":"Standard Accordion Ans 6"},{"type":"checkbox","id":"show_framed_toggle","label":"Show Framed Toggle section","default":true},{"type":"checkbox","id":"framed_toggle_full_width","label":"Framed Toggle full width?","default":true},{"type":"text","id":"framed_toggle_title","label":"Framed Toggle Title"},{"type":"text","id":"framed_toggle_Q1","label":"Framed_Toggle Question 1"},{"type":"textarea","id":"framed_toggle_ans1","label":"Framed Toggle Ans 1"},{"type":"text","id":"framed_toggle_Q2","label":"Framed Toggle Question 2"},{"type":"textarea","id":"framed_toggle_ans2","label":"Framed Toggle Ans 2"},{"type":"text","id":"framed_toggle_Q3","label":"Framed Toggle Question 3"},{"type":"textarea","id":"framed_toggle_ans3","label":"Framed Toggle Ans 3"},{"type":"text","id":"framed_toggle_Q4","label":"Framed Toggle Question 4"},{"type":"textarea","id":"framed_toggle_ans4","label":"Framed Toggle Ans 4"},{"type":"checkbox","id":"show_standard_toggle","label":"Show Standard Toggle section","default":true},{"type":"text","id":"standard_toggle_title","label":"Heading"},{"type":"checkbox","id":"standard_toggle_full_width","label":"Standard Toggle full width?","default":true},{"type":"text","id":"standard_toggle_Q1","label":"Standard Toggle Question 1"},{"type":"textarea","id":"standard_toggle_ans1","label":"Standard Toggle Ans 1"},{"type":"text","id":"standard_toggle_Q2","label":"Standard Toggle Question 2"},{"type":"textarea","id":"standard_toggle_ans2","label":"Standard Toggle Ans 2"},{"type":"text","id":"standard_toggle_Q3","label":"Standard Toggle Question 3"},{"type":"textarea","id":"standard_toggle_ans3","label":"Standard Toggle Ans 3"},{"type":"text","id":"standard_toggle_Q4","label":"Standard Toggle Question 4"},{"type":"textarea","id":"standard_toggle_ans4","label":"Standard Toggle Ans 4"},{"type":"text","id":"standard_toggle_Q5","label":"Standard Toggle Question 5"},{"type":"textarea","id":"standard_toggle_ans5","label":"Standard Toggle Ans 5"}]},{"name":"Cart Page","settings":[{"type":"checkbox","id":"cart_notes_enable","label":"Allow notes with orders"},{"type":"checkbox","id":"cart_vendor_enable","label":"Show product vendor"},{"type":"checkbox","id":"ajax_cart_enable","label":"Enable Ajax Cart Drawer","info":"[View Documentation](http:\/\/shopify.com\/timber#ajax-cart)"}]},{"name":"Popup Newsletter","settings":[{"type":"checkbox","id":"display_popup_newsletter","label":"Display popup newsletter?","default":true},{"type":"text","id":"popup_newsletter_title","label":"Popup Newsletter Title","default":"Popup Newsletter Title"},{"type":"text","id":"popup_newsletter_sub_title","label":"Popup Newsletter Sub Title","default":"Popup Newsletter Sub Title"},{"type":"textarea","id":"popup_newsletter_message","label":"Popup Newsletter Message"}]},{"name":"About Page","settings":[{"type":"text","id":"abt_top_heading","label":"About Top Heading"},{"type":"textarea","id":"abt_top_content","label":"About Top Content"},{"type":"image","id":"abt_custom_icon_1.png","label":"About custom icon"},{"type":"text","id":"abt_custom_icon_1_heading","label":"Icon 1 Heading"},{"type":"text","id":"abt_custom_icon_1_heading_link","label":"Icon 1 Heading Link"},{"type":"text","id":"abt_custom_icon_1_desc","label":"Icon 1 Desc"},{"type":"image","id":"abt_custom_icon_2.png","label":"About custom icon"},{"type":"text","id":"abt_custom_icon_2_heading","label":"Icon 2 Heading"},{"type":"text","id":"abt_custom_icon_2_heading_link","label":"Icon 2 Heading Link"},{"type":"text","id":"abt_custom_icon_2_desc","label":"Icon 2 Desc"},{"type":"image","id":"abt_custom_icon_3.png","label":"About custom icon"},{"type":"text","id":"abt_custom_icon_3_heading","label":"Icon 3 Heading"},{"type":"text","id":"abt_custom_icon_3_heading_link","label":"Icon 3 Heading Link"},{"type":"text","id":"abt_custom_icon_3_desc","label":"Icon 3 Desc"},{"type":"image","id":"abt_custom_icon_4.png","label":"About custom icon"},{"type":"text","id":"abt_custom_icon_4_heading","label":"Icon 4 Heading"},{"type":"text","id":"abt_custom_icon_4_heading_link","label":"Icon 4 Heading Link"},{"type":"text","id":"abt_custom_icon_4_desc","label":"Icon 4 Desc"},{"type":"header","content":"Welcome section"},{"type":"image","id":"abt_welcome_icon_1.png","label":"Welcome silde 1"},{"type":"image","id":"abt_welcome_icon_2.png","label":"Welcome silde 2"},{"type":"image","id":"abt_welcome_icon_3.png","label":"Welcome silde 3"},{"type":"text","id":"abt_welcome_heading","label":"Welcome heading"},{"type":"textarea","id":"abt_welcome_content","label":"Welcome Text"},{"type":"text","id":"abt_bottom_heading","label":"Welcome Secondary Heading"},{"type":"textarea","id":"abt_bottom_desc","label":"Welcome Secondary Description"},{"type":"text","id":"abt_bottom_link_text","label":"Welcome Scondary Link Text"},{"type":"text","id":"abt_bottom_link","label":"Welcome Scondary Link"},{"type":"textarea","id":"abt_bottom_video_iframe","label":"Welcome Video iFrame Code"},{"type":"header","content":"About Expert"},{"type":"checkbox","id":"show_expert_section","label":"Enable Expert Section"},{"type":"text","id":"expert_section_heading","label":"Heading","default":"Our Design Experts"},{"type":"header","content":"Team 1"},{"type":"checkbox","id":"team_1","label":"Enable"},{"type":"image","id":"team_1_image.jpg","label":"Team 1 Image"},{"type":"text","id":"team_1_caption","label":"Caption"},{"type":"text","id":"team_1_caption_link","label":"Caption Link"},{"type":"text","id":"team_1_subtitle","label":"Subtitle"},{"type":"paragraph","content":"Choose Social Icons"},{"type":"checkbox","id":"team_1_social_facebook","label":"Facebook"},{"type":"text","id":"team_fb_link_1"},{"type":"checkbox","id":"team_1_social_twitter","label":"Twitter"},{"type":"text","id":"team_tw_link_1"},{"type":"checkbox","id":"team_1_social_flickr","label":"Instagran"},{"type":"text","id":"team_fl_link_1"},{"type":"checkbox","id":"team_1_social_pinterest","label":"Pinterest"},{"type":"text","id":"team_pin_link_1"},{"type":"checkbox","id":"team_1_social_youtube","label":"Youtube"},{"type":"text","id":"team_yt_link_1"},{"type":"header","content":"Team 2"},{"type":"checkbox","id":"team_2","label":"Enable"},{"type":"image","id":"team_2_image.jpg","label":"Team 2 Image"},{"type":"text","id":"team_2_caption","label":"Caption"},{"type":"text","id":"team_2_caption_link","label":"Caption Link"},{"type":"text","id":"team_2_subtitle","label":"Subtitle"},{"type":"paragraph","content":"Choose Social Icons"},{"type":"checkbox","id":"team_2_social_facebook","label":"Facebook"},{"type":"text","id":"team_fb_link_2"},{"type":"checkbox","id":"team_2_social_twitter","label":"Twitter"},{"type":"text","id":"team_tw_link_2"},{"type":"checkbox","id":"team_2_social_flickr","label":"Instagran"},{"type":"text","id":"team_fl_link_2"},{"type":"checkbox","id":"team_2_social_pinterest","label":"Pinterest"},{"type":"text","id":"team_pin_link_2"},{"type":"checkbox","id":"team_2_social_youtube","label":"Youtube"},{"type":"text","id":"team_yt_link_2"},{"type":"header","content":"Team 3"},{"type":"checkbox","id":"team_3","label":"Enable"},{"type":"image","id":"team_3_image.jpg","label":"Team 3 Image"},{"type":"text","id":"team_3_caption","label":"Caption"},{"type":"text","id":"team_3_caption_link","label":"Caption Link"},{"type":"text","id":"team_3_subtitle","label":"Subtitle"},{"type":"paragraph","content":"Choose Social Icons"},{"type":"checkbox","id":"team_3_social_facebook","label":"Facebook"},{"type":"text","id":"team_fb_link_3"},{"type":"checkbox","id":"team_3_social_twitter","label":"Twitter"},{"type":"text","id":"team_tw_link_3"},{"type":"checkbox","id":"team_3_social_flickr","label":"Instagram"},{"type":"text","id":"team_fl_link_3"},{"type":"checkbox","id":"team_3_social_pinterest","label":"Pinterest"},{"type":"text","id":"team_pin_link_3"},{"type":"checkbox","id":"team_3_social_youtube","label":"Youtube"},{"type":"text","id":"team_yt_link_3"},{"type":"header","content":"Team 4"},{"type":"checkbox","id":"team_4","label":"Enable"},{"type":"image","id":"team_4_image.jpg","label":"Team 4 Image"},{"type":"text","id":"team_4_caption","label":"Caption"},{"type":"text","id":"team_4_caption_link","label":"Caption Link"},{"type":"text","id":"team_4_subtitle","label":"Subtitle"},{"type":"paragraph","content":"Choose Social Icons"},{"type":"checkbox","id":"team_4_social_facebook","label":"Facebook"},{"type":"text","id":"team_fb_link_4"},{"type":"checkbox","id":"team_4_social_twitter","label":"Twitter"},{"type":"text","id":"team_tw_link_4"},{"type":"checkbox","id":"team_4_social_flickr","label":"Instagran"},{"type":"text","id":"team_fl_link_4"},{"type":"checkbox","id":"team_4_social_pinterest","label":"Pinterest"},{"type":"text","id":"team_pin_link_4"},{"type":"checkbox","id":"team_4_social_youtube","label":"Youtube"},{"type":"text","id":"team_yt_link_4"},{"type":"header","content":"Service Section"},{"type":"checkbox","id":"show_service_sections","label":"Show Service Section"},{"type":"text","id":"service_heading","label":"Service Heading"},{"type":"textarea","id":"service_sub_heading_1","label":"Service sub heading 1"},{"type":"textarea","id":"service_sub_heading_1_link","label":"Service sub heading 1 Link"},{"type":"textarea","id":"service_sub_desc_1","label":"Service sub desc 1"},{"type":"textarea","id":"service_sub_heading_2","label":"Service sub heading 2"},{"type":"textarea","id":"service_sub_heading_2_link","label":"Service sub heading 2 Link"},{"type":"textarea","id":"service_sub_desc_2","label":"Service sub desc 2"},{"type":"textarea","id":"service_sub_heading_3","label":" Service sub heading 3"},{"type":"textarea","id":"service_sub_heading_3_link","label":"Service sub heading 3 Link"},{"type":"textarea","id":"service_sub_desc_3","label":"Service sub desc 3"},{"type":"textarea","id":"service_sub_heading_4","label":"Service sub heading 4"},{"type":"textarea","id":"service_sub_heading_4_link","label":"Service sub heading 4 Link"},{"type":"textarea","id":"service_sub_desc_4","label":" Service sub desc 4"},{"type":"textarea","id":"service_sub_heading_5","label":"Service sub heading 5"},{"type":"textarea","id":"service_sub_heading_5_link","label":"Service sub heading 5 Link"},{"type":"textarea","id":"service_sub_desc_5","label":"Service sub desc 5"},{"type":"textarea","id":"service_sub_heading_6","label":"Service sub heading 6"},{"type":"textarea","id":"service_sub_heading_6_link","label":"Service sub heading 6 Link"},{"type":"textarea","id":"service_sub_desc_6","label":"Service sub desc 6"},{"type":"header","content":"About bottom big image"},{"type":"image","id":"abt_bottom_big_image.jpg","label":"image"},{"type":"checkbox","id":"show_bottom_image","label":"Display Bottom Image"},{"type":"header","content":"Testimonials"},{"type":"checkbox","id":"show_abt_testimonials","label":"Testimonial section","default":true},{"type":"checkbox","id":"full-width-testimonial","label":"Use Testimonial Bg Image?"},{"type":"image","id":"full-width-testimonial.jpg","label":"Testimonial BG Image"},{"type":"color","id":"testimonial_bg_color","label":"Testimonial BG color","default":"#d2d2d2"},{"type":"text","id":"testimonial_heading","label":"Testimonial heading"},{"type":"text","id":"testimonial_1_heading","label":"Testimonial 1 heading"},{"type":"text","id":"testimonial_1_subheading","label":"Testimonial 1 Sub heading"},{"type":"image","id":"testimonial_1_img.png","label":"Image"},{"type":"textarea","id":"testimonial_1_area","label":"Testimonial 1 description"},{"type":"text","id":"testimonial_2_heading","label":"Testimonial 2 heading"},{"type":"text","id":"testimonial_2_subheading","label":"Testimonial 2 Sub heading"},{"type":"image","id":"testimonial_2_img.png","label":"Image"},{"type":"textarea","id":"testimonial_2_area","label":"Testimonial 2 description"},{"type":"text","id":"testimonial_3_heading","label":"Testimonial 3 heading"},{"type":"text","id":"testimonial_3_subheading","label":"Testimonial 3 Sub heading"},{"type":"image","id":"testimonial_3_img.png","label":"Image"},{"type":"textarea","id":"testimonial_3_area","label":"Testimonial 3 description"},{"type":"text","id":"testimonial_4_heading","label":"Testimonial 4 heading"},{"type":"text","id":"testimonial_4_subheading","label":"Testimonial 4 Sub heading"},{"type":"image","id":"testimonial_4_img.png","label":"Image"},{"type":"textarea","id":"testimonial_4_area","label":"Testimonial 4 description"},{"type":"text","id":"testimonial_5_heading","label":"Testimonial 5 heading"},{"type":"text","id":"testimonial_5_subheading","label":"Testimonial 5 Sub heading"},{"type":"image","id":"testimonial_5_img.png","label":"Image"},{"type":"textarea","id":"testimonial_5_area","label":"Testimonial 5 description"},{"type":"text","id":"testimonial_6_heading","label":"Testimonial 6 heading"},{"type":"text","id":"testimonial_6_subheading","label":"Testimonial 6 Sub heading"},{"type":"image","id":"testimonial_6_img.png","label":"Image"},{"type":"textarea","id":"testimonial_6_area","label":"Testimonial 6 description"}]},{"name":"Contact Page","settings":[{"type":"header","content":"Contact Module"},{"type":"checkbox","id":"show_contact_module","label":"Display Contact Module"},{"type":"textarea","id":"contact_iframe_code","label":"Map Code[iframe]"},{"type":"text","id":"contact_module_title","label":"Contact Module Title","default":"Contact Us"},{"type":"textarea","id":"contact_module_address1","label":"Address1"},{"type":"textarea","id":"contact_module_address2","label":"Address2"},{"type":"text","id":"postcode","label":"Postcode"},{"type":"text","id":"contact_module_email","label":"Email address"},{"type":"text","id":"contact_fax_no","label":"Fax number"},{"type":"text","id":"contact_phone","label":"Phone number"},{"type":"text","id":"contact_skype","label":"Skype"}]},{"name":"Social Sharing","settings":[{"type":"text","id":"twittercard_handle","label":"Twitter Handle","default":"@"}]},{"name":"Money options","settings":[{"type":"checkbox","id":"show_multiple_currencies","label":"Show currency selector?","default":true},{"type":"paragraph","content":"Although you will be able to display prices on your store front in different currencies, Shopify will still process orders in your shop's currency."},{"type":"select","id":"currency_format","label":"Money format","options":[{"value":"money_format","label":"Without Currency, ex: $10.00"},{"value":"money_with_currency_format","label":"With Currency, ex: $10 CAD"}],"default":"money_with_currency_format"},{"type":"text","id":"supported_currencies","label":"Currencies you wish to support","default":"CAD USD"},{"type":"text","id":"default_currency","label":"Default currency","default":"CAD"},{"type":"paragraph","content":"Separate your currency codes with a space. Use the ISO 4217 3-letter currency code. Click [here](http:\/\/www.xe.com\/iso4217.php) for a complete list of currency codes. Example: CAD USD."},{"type":"paragraph","content":"* For this functionality to work in your shop, you are required to edit your money formats as per [these instructions](http:\/\/wiki.shopify.com\/Do_Tell_Where_The_Money_Is) (“Do tell where the money is”)."}]}]