{"current":{"color_primary":"#191919","color_secondary":"#ffffff","color_other":"#d53d64","color_body_bg":"#ffffff","color_borders":"#f5f5f5","sale_tag_bg":"#3acaf3","offer_tag_bg":"#f3ce3a","sold_tag_bg":"#d53d64","price_text":"#191919","price_text_hover":"#d53d64","compare_price_text":"#bcbcbc","compare_price_text_hover":"#191919","general_link":"#191919","general_link_hover":"#d53d64","color_body_text":"#191919","border_title_color_1":"#191919","border_title_color_2":"#ffffff","button1_bg":"#ffffff","button1_bg_hover":"#191919","button1_border":"#191919","button1_hover_border":"#191919","button1_inside_border":"#191919","button1_hover_inside_border":"#ffffff","button1_text":"#191919","button1_text_hover":"#ffffff","front_page_button2_bg":"#fd6ca3","best_sellers_button2_bg":"#eeae3c","button2_bg_hover":"#ffffff","button2_border":"#ffffff","button2_hover_border":"#ffffff","button2_inside_border":"#ffffff","button2_hover_inside_border":"#191919","button2_text":"#ffffff","button2_text_hover":"#191919","header1_text":"#191919","header2_text":"#fff","header_borer":"#fff","back_to_top_bg":"#d53d64","back_to_top_text":"#fff","topbar_bg":"#ffffff","topbar_text":"#191919","topbar_text_hover":"#d53d64","topbar_text_border":"#d9d9d9","cart_count_bg":"#191919","cart_count_bg_hover":"#d53d64","menubar_bg":"#d53d64","menubar_text":"#ffffff","menubar_text_hover":"#e9b1bf","menubar_text_bg":"#c42053","menubar_text_border":"#e9b1bf","mega_menu_bg":"#ffffff","simple_drop_down_bg":"#ffffff","product_detail_section_bg":"#f5f5f5","product_desc_bg":"#fbfbfb","quantity_box_color":"#d53d64","quantity_bg":"#ffffff","addcart_bg":"#ffffff","addcart_hover_bg":"#d53d64","addcart_borer":"#d53d64","addcart_hover_borer":"#d53d64","addcart_inside_borer":"#d53d64","addcart_inside_hover_borer":"#ffffff","addcart_text":"#d53d64","addcart_text_hover":"#ffffff","color_footer_social_link":"#191919","color_footer_social_link_hover":"#ffffff","color_footer_social_link_border":"#191919","color_footer_social_link_border_hover":"#191919","color_footer_social_link_bg":"#ffffff","color_footer_social_link_bg_hover":"#191919","breadcrumb_image":true,"breadcrumb_bg":"#f3f3f3","breadcrumb_text_border":"#ffffff","breadcrumb_link":"#d53d64","breadcrumb_text":"#ffffff","base_font":"Google+Montserrat","header_font":"Google+Libre+Baskerville","other_font":"Google+Lato","top_menu_display_navigation":true,"top_menu_linklist":"top-menu","display_minicart":true,"display_currency":true,"logo_use_image":true,"logo_max_width":"100","favicon_enable":true,"display_order_tracking":true,"txt_order_tracking":"Track your order","link_order_tracking":"\/pages\/track-order","display_search":true,"use_megamenu":true,"mega_menu_linklist":"main-menu","mega_one":"collections","mega_two":"","mega_three":"","mega_four":"","mega_five":"","footer_display_social":true,"twitter_link":"https:\/\/twitter.com\/shopify","facebook_link":"https:\/\/facebook.com\/shopify","google_link":"https:\/\/google.com\/shopify","youtube_link":"https:\/\/youtube.com\/shopify","vimeo_link":"#","pinterest_link":"#","instagram_link":"#","tumblr_link":"#","linkedin_link":"#","dribbble_link":"#","rss_link":"#","show_support_section":true,"footer_icon_section_bg":"#f5f5f5","call_us":"Call US: 1241-2561-3659","call_link":"https:\/\/youtube.com\/shopify","write_us":"supprt@someemail.com","write_link":"https:\/\/youtube.com\/shopify","support_us":"Customer Support","support_link":"https:\/\/youtube.com\/shopify","offer_zone":"Offer Zone","offer_link":"https:\/\/youtube.com\/shopify","footer_bottom_bg":"#ffffff","footer_bottom_border_color":"#d9d9d9","show_footer_logo":false,"show_footer_menu":true,"show_payment_icons":true,"accept_visa":true,"accept_mastercard":true,"accept_amex":true,"accept_discover":true,"accept_paypal":true,"accept_google":true,"accept_bitcoin":true,"copyright_text_1":true,"designthemes":"Copyright © 2015","copyright_text_2":true,"powered":"Powered by","copyright_text_3":true,"shopify":"Shopify","copyright_bg":"#ffffff","copyright_border":"#d9d9d9","copyright_text":"#b4b4b4","copyright_text_hover":"#d53d64","footer_newsletter_enable":true,"newsletter_form_action":"#","show_slideshow":true,"slide_1":true,"slide_2":true,"slide_3":true,"slider1_title":"Amazing collections","slide_1_heading":"#191919","slider1_subtitle":"OutDoors","slide_1_subheading":"#191919","slider1_content":"Setup your own shop in few hours, <br>A Complete one stop solution for your online shop.","slide_1_desc":"#191919","slide_1_link":"\/collections\/all","slider2_title":"Jackets n Trousers for","slide_2_heading":"#191919","slider2_subtitle":"Cycling","slide_2_subheading":"#191919","slider2_content":"Create your own cycling experience for your <br> cycling adventure.","slide_2_desc":"#191919","slide_2_link":"themeforest.net\/item\/deshop-shopify-theme-\/10839656","slider3_title":"Seize your dream with","slide_3_heading":"#ffffff","slider3_subtitle":"Fashion","slide_3_subheading":"#ffffff","slider3_content":"Duis aute irure dolor in reprehenderit in <br> voluptate velit esse cillum dolore eu fugiat nulla pariatur.","slide_3_desc":"#ffffff","slide_3_link":"\/collections\/all","show_instagram":true,"instagram_title":"#Instagram","client-id":"8c170224a0ae4352913ab2d8a9317d70","user-id":"3317628269","accessToken":"3317628269.1677ed0.36abb12d7c1b49aea51cfd8d83e8df36","limit":"6","resolution_images":"standard_resolution","show_loader":false,"show_banner_bottom_info":true,"slider_bottom_bg":"#d53d64","slider_bottom_first_border_color":"#ffffff","slider_bottom_sec_border_color":"#dd6483","banner-bottom-info":"100% FREE SHIPPING ON ORDERS OVER $150","banner-bottom-subinfo":"Get a shopping and save the shipping cost","show_front_page_collections_1":true,"frontpage-collctions-one":"sunglass","show_front_page_collections_1_link_bg":false,"show_front_page_collections_2":true,"frontpage-collction-two":"sandals","best_seller_bg":"#eeae3c","show_middle_left":true,"middle-heading-left":"TREKKING SHOES","middle-linktext-left":"SHOP NOW","middle-link-left":"#","show_middle_right":true,"middle-heading-right":"TREKKING  EQUIPMENTS","middle-linktext-right":"SHOP NOW","middle-link-right":"#","show_middle_banner":true,"left_side_img_banner_bg":"#d53d64","left-side-heading-banner1":"get","left-side-heading-banner2":"off","left-side-heading-banner3":"20%","left-side-heading-banner_color":"#ffffff","discount_bg":"#f5de4f","discount_color":"#191919","left-side-banner_text":"Introductory Offer","middle-heading-banner":"Trekking combo Packages","middle-heading-banner_color":"#4e3526","middle-linktext-banner":"Shop Now","middle-linktext-banner_color":"#d53d64","middle-link-banner":"\/collections","show_front_page_collections_3":true,"frontpage-collctions-three":"handbags","show_front_page_collections_3_link_bg":false,"show_front_page_collections_4":true,"frontpage-collction-four":"jewellery","frontpage_bg":"#fd6ca3","show_blog_section":true,"show_collection_bottom_info":true,"collection-bottom-info":"100% FREE SHIPPING ON ORDERS OVER $150","collection-bottom-subinfo":"Get a shopping and save the shipping cost","show_collection_page_collections_2":true,"collectionpage-collctions-two":"best-selling","collection_bg_best_sell":"#fd6ca3","collection_ppr":"3","collection_ppp":"9","include_category":true,"sidebar_title_bg":"#eeeeee","sidebar_title_border":"#d53d64","featured_collection":"main-menu","featured_collections_title":"Categories","product_price_slider":false,"product_price_slider_bg":"#d53d64","product_price_slider_border":"#d7d7d7","show_best_products":true,"sidebar_bestseller_collection":"frontpage","bestseller_products_title":"Best Sellers","sidebar_bestseller_collection_limit":"4","filter_checkbox_color":"#cdcdcd","include_filter_no_1":true,"filter_no_1_label":"Colors","filter_no_1_linklist":"colors","include_filter_no_2":true,"filter_no_2_label":"Size","filter_no_2_linklist":"size","include_filter_no_3":true,"filter_no_3_label":"Brand","filter_no_3_linklist":"brand","tag_bg":"#f8f8f8","tag_bg_hover":"#d53d64","collection_tag_title":"Popular Tags","show_recent_articles":true,"show_blog_tags":true,"show_footer_tweets":true,"tweet_heading":"Latest Tweets","tweet_embcode":"<a class=\"twitter-timeline\" href=\"https:\/\/twitter.com\/iamdesigning\" data-widget-id=\"425498722839957505\" data-border-color=\"#fff\" data-tweet-limit=\"3\" data-chrome=\"nofooter noheader\">Tweets by @iamdesigning<\/a>\r\n<script>!function(d,s,id){var js,fjs=d.getElementsByTagName(s)[0],p=\/^http:\/.test(d.location)?'http':'https';if(!d.getElementById(id)){js=d.createElement(s);js.id=id;js.src=p+\":\/\/platform.twitter.com\/widgets.js\";fjs.parentNode.insertBefore(js,fjs);}}(document,\"script\",\"twitter-wjs\");<\/script>","product_transition_1":false,"product_transition_2":true,"product-details-center-alignment":true,"product-details-left-alignment":false,"enable_product_image_zoom":true,"display_quantity_dropdown":true,"enable_color_swatch":true,"enable_linked_option":true,"enable_right_details":true,"custom_details_link_1":"https:\/\/youtube.com\/shopify","custom_details_link_2":"https:\/\/google.com\/shopify","custom_details_link_3":"https:\/\/google.com\/shopify","enable_product_reviews":true,"show_related_products":true,"related_products_title":"Related items","number_of_related_products_to_show":"12","show_faq_section":true,"faq_section_title":"Faq's","show_framed_accordion":true,"faq_full_width":false,"framed_accordion_title":"FRAMED ACCORDION","framed_accordion_Q1":"HOW TO CENTER ALIGN A BUTTON?","framed_accordion_ans1":"Etori haum quidem rerum facilis est et expedita distinctio. Nam libero tempore, cum soluta nobis est elige ndi optio cumque nihil impedit quo minus id quod maxime placeat facere possimus, omnis voluptasi ass umenda est, omnis dolor repellendus. Temporibus autem quibusdam et aut officiis debitis.","framed_accordion_Q2":"PROUD OF WHAT WE DO.","framed_accordion_ans2":"Lorem ipsum dolor sit amet, consectetur adipiscing elit. Morbi hendrerit elit turpis, a porttitor tellus sollicitudin at.","framed_accordion_Q3":"HOW TO ENABLE DIFFERENT TYPES OF HOMEPAGE FROM BACKEND?","framed_accordion_ans3":"Lorem ipsum dolor sit amet, consectetur adipiscing elit. Morbi hendrerit elit turpis, a porttitor tellus sollicitudin at.","framed_accordion_Q4":"WHY DO WE DO IT","framed_accordion_ans4":"Lorem ipsum dolor sit amet, consectetur adipiscing elit. Morbi hendrerit elit turpis, a porttitor tellus sollicitudin at.","framed_accordion_Q5":"HOW TO INSERT AN IMAGE IN THE BLOG?","framed_accordion_ans5":"Lorem ipsum dolor sit amet, consectetur adipiscing elit. Morbi hendrerit elit turpis, a porttitor tellus sollicitudin at.","show_standard_accordion":true,"standard_full_width":false,"standard_accordion_title":"STANDARD ACCORDION","standard_accordion_Q1":"Excepteur sint occaecat ?","standard_accordion_ans1":"Lorem ipsum dolor sit amet, consectetur adipiscing elit, sed do eiusmod tempor incididunt ut labore et dolore magna aliqua. Ut enim ad minim veniam, quis nostrud exercitation ullamco laboris nisi ut aliquip ex ea commodo consequat. Duis aute irure dolor in reprehenderit in voluptate velit esse cillum dolore eu fugiat.","standard_accordion_Q2":"Commodo consequat?","standard_accordion_ans2":"Sed do eiusmod tempor incididunt ut labore et dolore magna aliqua. Ut enim ad minim veniam, quis nostrud exercitation ullamco laboris nisi ut aliquip ex ea commodo sed do eiusmod tempor incididunt ut labore et dolore magna aliqua. Ut enim ad minim veniam, quis nostrud exercitation ullamco laboris nisi ut aliquip ex ea commodo","standard_accordion_Q3":"Ut enim ad minim veniam, quis nostrud exercitation ullamco?","standard_accordion_ans3":"consectetur adipiscing elit, sed do eiusmod tempor incididunt ut labore et dolore magna aliqua. Ut enim ad minim veniam, quis nostrud exercitation ullamcoconsectetur adipiscing elit, sed do eiusmod tempor incididunt ut labore et dolore magna aliqua. Ut enim ad minim veniam, quis nostrud exercitation ullamco","standard_accordion_Q4":"Sint occaecat cupidatat non proident, sunt in culpa?","standard_accordion_ans4":"Ut enim ad minim veniam, quis nostrud exercitation ullamcoconsectetur adipiscing elit, sed do eiusmod tempor incididunt ut labore et dolore magna aliqua. Ut enim ad minim veniam, quis nostrud exercitation ullamcoUt enim ad minim veniam, quis nostrud exercitation ullamcoconsectetur adipiscing elit, sed do eiusmod tempor incididunt ut labore et dolore magna aliqua. Ut enim ad minim veniam, quis nostrud exercitation ullamco","standard_accordion_Q5":"Tempor incididunt ut labore et dolore magna?","standard_accordion_ans5":"Nostrud exercitation ullamcoUt enim ad minim veniam, quis nostrud exercitation ullamcoconsectetur adipiscing elit, sed do eiusmod tempor incididunt ut labore et dolore magna aliqua. Ut enim ad minostrud exercitation ullamcoUt enim ad minim veniam, quis nostrud exercitation ullamcoconsectetur adipiscing elit, sed do eiusmod tempor incididunt ut labore et dolore magna aliqua. Ut enim ad mi","standard_accordion_Q6":"Quis nostrud exercitation?","standard_accordion_ans6":"sed do eiusmod tempor incididunt ut labore et dolore magna aliqua. Ut enim ad minostrud exercitation ullamcoUt enim ad minim veniam, quis nostrud exercitation ullamcoconsectetur adipiscing elit, sed do eiusmod tempor incididunt ut labore et dolore magna aliqua. Ut enim ad mised do eiusmod tempor incididunt ut labore et dolore magna aliqua. Ut enim ad minostrud exercitation ullamcoUt enim ad minim veniam, quis nostrud exercitation ullamcoconsectetur adipiscing elit, sed do eiusmod tempor incididunt ut labore et dolore magna aliqua. Ut enim ad mi","show_framed_toggle":true,"framed_toggle_full_width":false,"framed_toggle_title":"FRAMED TOGGLE","framed_toggle_Q1":"WHO WE ARE","framed_toggle_ans1":"Pellentesque habitant morbi tristique senectus et netus et malesuada fames ac turpis egestas nam imperdiet, elit ut pellentesque adipiscing tristique senectus","framed_toggle_Q2":"PROUD OF WHAT WE DO.","framed_toggle_ans2":"Pellentesque habitant morbi tristique senectus et netus et malesuada fames ac turpis egestas nam imperdiet, elit ut pellentesque adipiscing","framed_toggle_Q3":"HOW DO WE WORK","framed_toggle_ans3":"Pellentesque habitant morbi tristique senectus et netus et malesuada fames ac turpis egestas nam imperdiet, elit ut pellentesque adipiscing tristique","framed_toggle_Q4":"WHY DO WE DO IT","framed_toggle_ans4":"Pellentesque habitant morbi tristique senectus et netus et malesuada fames ac turpis egestas nam imperdiet, elit ut pellentesque adipiscing tristique","show_standard_toggle":true,"standard_toggle_title":"STANDARD TOGGLE","standard_toggle_full_width":false,"standard_toggle_Q1":"Who we are","standard_toggle_ans1":"Pellentesque habitant morbi tristique senectus et netus et malesuada fames ac turpis egestas nam imperdiet, elit ut pellentesque adipiscing tristique senectus","standard_toggle_Q2":"Proud of what we do in academics","standard_toggle_ans2":"Pellentesque habitant morbi tristique senectus et netus et malesuada fames ac turpis egestas nam imperdiet, elit ut pellentesque adipiscing tristique senectus","standard_toggle_Q3":"How do we work for strategic plans","standard_toggle_ans3":"Pellentesque habitant morbi tristique senectus et netus et malesuada fames ac turpis egestas nam imperdiet, elit ut pellentesque adipiscing tristique senectus","standard_toggle_Q4":"Our overall action towards target","standard_toggle_ans4":"Pellentesque habitant morbi tristique senectus et netus et malesuada fames ac turpis egestas nam imperdiet, elit ut pellentesque adipiscing tristique senectus","standard_toggle_Q5":"The outcome result of awesome performance","standard_toggle_ans5":"Pellentesque habitant morbi tristique senectus et netus et malesuada fames ac turpis egestas nam imperdiet, elit ut pellentesque adipiscing tristique senectus","cart_notes_enable":true,"cart_vendor_enable":false,"ajax_cart_enable":true,"display_popup_newsletter":true,"popup_newsletter_title":"Enzo","popup_newsletter_sub_title":"Subscribe to Newsletter","popup_newsletter_message":"Subscribe to Newsletter and get the latest updates and offers\r\nat first notice.","abt_top_heading":"We have made lots of dreams possible","abt_top_content":"Lorem ipsum dolor sit amet, consectetur adipiscing elit maecenas quisLorem ipsum dolor sit amet, consectetur adipiscing elit maecenas quis","abt_custom_icon_1_heading":"Camping items","abt_custom_icon_1_heading_link":"","abt_custom_icon_1_desc":"Lorem ipsum dolor sit amet, consectetur adipiscing elit maecenas quis","abt_custom_icon_2_heading":"Trekking items","abt_custom_icon_2_heading_link":"","abt_custom_icon_2_desc":"Lorem ipsum dolor sit amet, consectetur adipiscing elit maecenas quis","abt_custom_icon_3_heading":"Sports gears","abt_custom_icon_3_heading_link":"","abt_custom_icon_3_desc":"Lorem ipsum dolor sit amet, consectetur adipiscing elit maecenas quis","abt_custom_icon_4_heading":"Cycling gears","abt_custom_icon_4_heading_link":"","abt_custom_icon_4_desc":"Lorem ipsum dolor sit amet, consectetur adipiscing elit maecenas quis","abt_welcome_heading":"Welcome to ENZO Theme","abt_welcome_content":"Lorem ipsum dolor sit amet, consectetur adipiscing elit. Morbi euismod diam eu arcu volutpat ut\r\n\r\n\r\n adipiscing sem auctor. Vivamus adipiscing lobortis sagittis. Nullam tempus mauris dolor, ac malesuada arcu. Praesent dolor quam, tincidunt in sollicitudin sit amet, volutpat sed velit. Nullam non neque ipsum.\r\n\r\n<ul class=\"dt-sc-fancy-list   thumbs-down\">\r\n<li>Lorem ipsum dolor sit&nbsp;euismod diam<\/li>\r\n<li>Praesent convallis nibh&nbsp;ollicitudin sit amet<\/li>\r\n<li>Nullam ac sapien sit&nbsp;ac malesuada arca<\/li>\r\n<\/ul>","abt_bottom_heading":"Who We are","abt_bottom_desc":"There are many variations of passages of Lorem Ipsum available, but the majority have suffered alteration in some form, by injected humour, or randomised words which don't look even slightly believable. Lorem Ipsum available, but the majority have suffered alteration in some form. Vivamus adipiscing lobortis sagittis. Nullam tempus mauris dolor, ac malesuada arcu. Praesent dolor quam, tincidunt in sollicitudin sit amet, volutpat sed velit. Nullam non neque ipsum.","abt_bottom_link_text":"PURCHASE NOW","abt_bottom_link":"\/collections\/all","abt_bottom_video_iframe":"<iframe src=\"https:\/\/player.vimeo.com\/video\/35350311\" width=\"520\" height=\"300\" frameborder=\"0\" webkitallowfullscreen mozallowfullscreen allowfullscreen><\/iframe>","show_expert_section":true,"expert_section_heading":"Our Design Experts","team_1":true,"team_1_caption":"Nullam Neque","team_1_caption_link":"#","team_1_subtitle":"Marketing Director","team_1_social_facebook":true,"team_fb_link_1":"","team_1_social_twitter":true,"team_tw_link_1":"","team_1_social_flickr":true,"team_fl_link_1":"","team_1_social_pinterest":true,"team_pin_link_1":"","team_1_social_youtube":true,"team_yt_link_1":"","team_2":true,"team_2_caption":"Malesuada","team_2_caption_link":"","team_2_subtitle":"Art Director","team_2_social_facebook":true,"team_fb_link_2":"","team_2_social_twitter":true,"team_tw_link_2":"","team_2_social_flickr":true,"team_fl_link_2":"","team_2_social_pinterest":true,"team_pin_link_2":"","team_2_social_youtube":true,"team_yt_link_2":"","team_3":true,"team_3_caption":"Morbi euismod","team_3_caption_link":"","team_3_subtitle":"Co-Director","team_3_social_facebook":true,"team_fb_link_3":"","team_3_social_twitter":true,"team_tw_link_3":"","team_3_social_flickr":true,"team_fl_link_3":"","team_3_social_pinterest":true,"team_pin_link_3":"","team_3_social_youtube":true,"team_yt_link_3":"","team_4":true,"team_4_caption":"Volutpat sed","team_4_caption_link":"","team_4_subtitle":"Chief Programmer","team_4_social_facebook":true,"team_fb_link_4":"","team_4_social_twitter":true,"team_tw_link_4":"","team_4_social_flickr":true,"team_fl_link_4":"","team_4_social_pinterest":true,"team_pin_link_4":"","team_4_social_youtube":true,"team_yt_link_4":"","show_service_sections":true,"service_heading":"Take a look to our services","service_sub_heading_1":"Fast Shipping","service_sub_heading_1_link":"","service_sub_desc_1":"Duis autem vel eum iriure dolor in hendrerit in vulputate velit esse molestie consequat, vel illum dolore eu feugiat nulla facilisis","service_sub_heading_2":"1 day replacement","service_sub_heading_2_link":"","service_sub_desc_2":"Duis autem vel eum iriure dolor in hendrerit in vulputate velit esse molestie consequat, vel illum dolore eu feugiat nulla facilisis","service_sub_heading_3":"cashback offer","service_sub_heading_3_link":"","service_sub_desc_3":"Duis autem vel eum iriure dolor in hendrerit in vulputate velit esse molestie consequat, vel illum dolore eu feugiat nulla facilisis","service_sub_heading_4":"Satisfaction gurantee","service_sub_heading_4_link":"","service_sub_desc_4":"Duis autem vel eum iriure dolor in hendrerit in vulputate velit esse molestie consequat, vel illum dolore eu feugiat nulla facilisis","service_sub_heading_5":"Moneyback gurantee","service_sub_heading_5_link":"","service_sub_desc_5":"Duis autem vel eum iriure dolor in hendrerit in vulputate velit esse molestie consequat, vel illum dolore eu feugiat nulla facilisis","service_sub_heading_6":"Free shipping over $50","service_sub_heading_6_link":"","service_sub_desc_6":"Duis autem vel eum iriure dolor in hendrerit in vulputate velit esse molestie consequat, vel illum dolore eu feugiat nulla facilisis","show_bottom_image":true,"show_abt_testimonials":true,"full-width-testimonial":false,"testimonial_bg_color":"#f5f5f5","testimonial_heading":"OUR HAPPY CUSTOMERS","testimonial_1_heading":"John Doe","testimonial_1_subheading":"Cambridge Telcecom","testimonial_1_area":"Lorem ipsum dolor sit amet, consectetur adipiscing elit. Morbi hendrerit elit turpis, a porttitor tellus sollicitudin at. Class aptent taciti sociosqu ad litora torquent per conubia nostra, per inceptos himenaeos","testimonial_2_heading":"Phillip","testimonial_2_subheading":"John Doe","testimonial_2_area":"Lorem ipsum dolor sit amet, consectetur adipiscing elit. Morbi hendrerit elit turpis, a porttitor tellus sollicitudin at. Class aptent taciti sociosqu ad litora torquent per conubia nostra, per inceptos himenaeos","testimonial_3_heading":"Mike Dawn","testimonial_3_subheading":"Stella House","testimonial_3_area":"Lorem ipsum dolor sit amet, consectetur adipiscing elit. Morbi hendrerit elit turpis, a porttitor tellus sollicitudin at. Class aptent taciti sociosqu ad litora torquent per conubia nostra, per inceptos himenaeos","testimonial_4_heading":"Brito Maxwell","testimonial_4_subheading":"Le-brawn Tech","testimonial_4_area":"Lorem ipsum dolor sit amet, consectetur adipiscing elit. Morbi hendrerit elit turpis, a porttitor tellus sollicitudin at. Class aptent taciti sociosqu ad litora torquent per conubia nostra, per inceptos himenaeos","testimonial_5_heading":"","testimonial_5_subheading":"","testimonial_5_area":"Lorem ipsum dolor sit amet, consectetur adipiscing elit. Morbi hendrerit elit turpis, a porttitor tellus sollicitudin at. Class aptent taciti sociosqu ad litora torquent per conubia nostra, per inceptos himenaeos","testimonial_6_heading":"","testimonial_6_subheading":"","testimonial_6_area":"Lorem ipsum dolor sit amet, consectetur adipiscing elit. Morbi hendrerit elit turpis, a porttitor tellus sollicitudin at. Class aptent taciti sociosqu ad litora torquent per conubia nostra, per inceptos himenaeos","show_contact_module":true,"contact_iframe_code":"<iframe width=\"1960\" height=\"400\" frameborder=\"0\" scrolling=\"no\" marginheight=\"0\" marginwidth=\"0\" src=\"https:\/\/maps.google.co.in\/?ie=UTF8&amp;t=m&amp;ll=-37.823006,144.977388&amp;spn=0.02034,0.042915&amp;z=14&amp;output=embed\"><\/iframe>","contact_module_title":"Contact Us","contact_module_address1":"No: 58 A, East Madison St","contact_module_address2":"Baltimore, MD, USA","postcode":"4508","contact_module_email":"buddhathemes@somemail.com","contact_fax_no":"0803 - 080 - 3080","contact_phone":"0803 - 080 - 3081","contact_skype":"buddhathemes","twittercard_handle":"@","show_multiple_currencies":true,"currency_format":"money_format","supported_currencies":"CAD USD EUR","default_currency":"USD","checkout_use_header_image":false,"checkout_header_image":"","checkout_logo":"","checkout_logo_image":"","checkout_logo_position":"left","checkout_logo_size":"medium","checkout_use_body_background_image":false,"checkout_body_background_image":"","checkout_body_background_color":"#fff","checkout_input_background_color_mode":"white","checkout_use_sidebar_background_image":false,"checkout_sidebar_background_image":"","checkout_sidebar_background_color":"#fafafa","checkout_heading_font":"Helvetica Neue","checkout_body_font":"Helvetica Neue","checkout_accent_color":"#2a9dcc","checkout_button_color":"#2a9dcc","checkout_error_color":"#ff6d6d","show_ins":true,"ins_title":"Instagram","ins_client_id":"bf36974dab61492aa26bd3ea2c92cefe","ins_user_name":"shopify","ins_count":"9","checkout_banner_background_color":"#fff","checkout_headline":"","checkout_call_to_action_color":"#d53d64","frontpage-collctions-two":"sunglass","frontpage-collction-2":"fashion-jwellery","frontpage-collctions-four":"fashion-jwellery","left-side-heading-banner":"<h2>Get <br> off  <\/h2><span>20% <\/span>","border_title_color":"#191919","color_footer_bg":"#ffffff","color_footer_text":"#dd4f4f","color_btn_primary":"#191919","color_btn_secondary":"#cda85c","bg_color_btn_primary":"#ffffff","bg_color_btn_secondary":"#ffffff","button2_bg":"#c02fbb","slider1_btn_txt":"SHOP NOW","slide_1_btn_bg":"#cda85c","slide_1_linkclr":"#cda85c","slide_1_linkhover":"#000000","slide_1_linkhover_text":"#000000","slider1_alignment":"center","slider2_btn_txt":"Buy Now","slide_2_btn_bg":"#cda85c","slide_2_linkclr":"#cda85c","slide_2_linkhover":"#000000","slide_2_linkhover_text":"#000000","slider2_alignment":"center","slider3_btn_txt":"Get It","slide_3_btn_bg":"#cda85c","slide_3_linkclr":"#cda85c","slide_3_linkhover":"#000000","slide_3_linkhover_text":"#000000","slider3_alignment":"center","customer_layout":"theme","footer_social_enable":true,"social_facebook_link":"https:\/\/www.facebook.com\/shopify","social_twitter_link":"https:\/\/twitter.com\/shopify","slider_3":true,"  banner-bottom-info":"100% FREE SHIPPING ON ORDERS OVER $150","  banner-bottom-subinfo":"Get a shopping and save the shipping cost","include_search":true,"collection_tags":true},"presets":{"Default":{"ajax_cart_enable":true,"cart_notes_enable":true,"color_body_bg":"#fff","color_body_text":"#333333","color_borders":"#e5e5e5","color_footer_bg":"#f2f2f2","color_footer_social_link":"#bbbbbb","color_footer_text":"#636363","color_primary":"#747474","color_secondary":"#bbb","customer_layout":"theme","favicon_enable":false,"footer_newsletter_enable":true,"footer_social_enable":true,"logo_max_width":"450","logo_use_image":false,"social_facebook_link":"https:\/\/www.facebook.com\/shopify","social_twitter_link":"https:\/\/twitter.com\/shopify"}}}