{"presets":{"Portland":{"performance":"ludicrous","image_loading_style":"blur-up","logo_color":"#ffffff","regular_color":"#333333","banner_color":"#ffffff","headline_color":"#333333","headline_border_color":"#aaaaaa","featured_promos_text_color":"#ffffff","headline_footer_text_color":"#7f8c8d","sub_footer_text_color":"#6b6b6b","sale_color":"#d54d4d","was_price_color":"#8c8b8b","promo_text_color":"#333333","shop_home_page_content_text_color":"#363636","newsletter_popup_color":"#363636","newsletter_section_color":"#000000","top_bar_color":"#f4f4f4","top_bar_color_hover":"#03a196","nav_color":"#d9d9d9","nav_color_home":"#d9d9d9","nav_color_hover":"#ffffff","link_color":"#03a196","link_hover_color":"#03857c","sidebar_nav_color":"#363636","sidebar_nav_color_hover":"#03a196","sub_footer_link_color":"#7f8c8d","sub_footer_link_color_hover":"#ffffff","btn_color":"#03a196","btn_hover_color":"#04736b","btn_text_color":"#ffffff","button_style":"square","table_styles_enabled":true,"slideshow_arrow_size":"light","border_color":"#cccccc","sub_footer_border_color":"#1b1f23","sale_banner_color":"#d54d4d","new_banner_color":"#03a196","banner_style":"square","testimonial_color":"#ffffff","testimonial_bg_color":"#666666","shop_bg_color":"#ffffff","modal_background_color":"#ffffff","top_bar_bg_color":"#1b1f23","top_bar_cart_bg_color":"#d54d4d","banner_background_color":"#1e1e1e","header_bg_color":"#1b1f23","header_background":false,"transparent_header":true,"promo_bg_color":"#f2f2f2","shop_home_page_content_bg_color":"#f6f7f9","featured_links_background":"#ffffff","use_custom_bg_image":false,"repeat_bg":"repeat","bg_fixed":false,"bg_stretched":false,"sub_footer_color":"#1b1f23","footer_bg":"","footer_bg_stretched":false,"newsletter_popup_background_color":"#ffffff","newsletter_section_background_color":"#cccccc","custom_logo":"","password_page_text_color":"#ffffff","password_page_background_color":"#000000","password-page-background":"","pagework_page_bg_stretched":true,"logo_font":"Google_Oswald","logo_weight":"normal","logo_font_style":"uppercase","logo_font_size":"20","headline_font":"Google_Oswald","headline_weight":"lighter","headline_font_style":"uppercase","headline_font_text":"normal","headline_font_size":"30","headline_letter_spacing":"2","headline_border":"thin","top_bar_font_size":"12","top_bar_letter_spacing":"1","nav_font":"Google_Oswald","nav_weight":"normal","nav_font_style":"uppercase","nav_font_size":"14","nav_letter_spacing":"1","nav_shadow":false,"regular_font":"Google_Roboto","regular_weight":"normal","regular_font_style":"none","regular_font_size":"15","button_weight":"normal","button_font_style":"uppercase","button_font_size":"14","footer_font_size":"13","slideshow_headline_size":"56","slideshow_headline_weight":"lighter","slideshow_subtitle_font":"Google_Roboto","slideshow_subtitle_weight":"lighter","slideshow_subtitle_font_style":"uppercase","slideshow_subtitle_font_text":"normal","slideshow_subtitle_size":"18","slideshow_subtitle_letter_spacing":"1","slideshow_shadow":false,"favicon":"","search_option":"products","mobile_products_per_row":"2","pagination_type":"load_more","align_height":false,"collection_height":"200","thumbnail_hover_enabled":true,"collection_secondary_image":false,"sale_banner_enabled":true,"collection_swatches":false,"notify_me_form":true,"product_form_style":"swatches","display_product_quantity":true,"free_price_text":"Free","quick_shop_enabled":true,"description_words":"25","quick_shop_full_description":false,"enable_shopify_review_comments":false,"review_position":"next_to_gallery","enable_shopify_collection_badges":false,"enable_shopify_product_badges":false,"cart_action":"ajax","tos_page":"","go_to_checkout":true,"display_special_instructions":false,"display_tos_checkbox":false,"cart_message":"","show_shipping_calculator":false,"shipping_calculator_default_country":"United States","show_multiple_currencies":false,"currency_format":"money_format","supported_currencies":"USD CAD AUD GBP EUR JPY","default_currency":"USD","mailchimp_link":"","secondary_newsletter_banner":true,"newsletter_popup":false,"newsletter_popup_form":true,"display_first_name":false,"display_last_name":false,"use_newsletter_border":false,"newsletter_bg":"","newsletter_popup_image_align":"left","newsletter_popup_title":"Sign up today","newsletter_popup_text":"<p><\/p>","newsletter_popup_text_align":"center","newsletter_popup_seconds":"0","newsletter_popup_days":"14","twitter_link":"","facebook_link":"","google_link":"","youtube_link":"","vimeo_link":"","pinterest_link":"","tumblr_link":"","instagram_link":"","snapchat_link":"","houzz_link":"","linkedin_link":"","email_link":"","disqus_enabled":false,"disqus_shortname":"","checkout_header_image":"","checkout_logo_image":"","checkout_logo_position":"left","checkout_logo_size":"medium","checkout_body_background_image":"","checkout_body_background_color":"#fff","checkout_input_background_color_mode":"white","checkout_sidebar_background_image":"","checkout_sidebar_background_color":"#fafafa","checkout_heading_font":"Helvetica Neue","checkout_body_font":"Helvetica Neue","checkout_accent_color":"#03a196","checkout_button_color":"#03a196","checkout_error_color":"#e1255f","use_custom_footer_image":false,"use_password_bg_image":"1","use_logo":false,"logo_alignment":"center","logo_position":"center","use_logo_home":false,"use_logo_mobile":false,"logo_width":160,"promo_text":"","phone_number":"","top_bar_menu":"","main_linklist":"main-menu","main_linklist2":"","menu_position":"inline","menu_alignment":"align_left","fixed_header":true,"logo_top_padding":"15","menu_top_padding":"10","cart_icon":"cart","search_enabled":true,"collection_sidebar":false,"product_sidebar":false,"collection_top_sidebar_page":"","collection_sidebar_linklist":"","collection_sidebar_linklist2":"","filter_by_category":false,"filter_by_tag":true,"collection_sidebar_products":true,"collection_sidebar_vendors":false,"collection_sidebar_page":"","footer_logo":false,"footer_linklist_1":"footer","footer_linklist_2":"main-menu","footer_linklist_3":"","footer_content_page":"","copyright_text":"","display_designed_by":true,"display_payment_methods":true,"behind_menu":true,"position_1":"1","position_2":"12","position_3":"7","position_4":"9","position_5":"16","position_6":"15","position_7":"0","position_8":"0","position_9":"0","position_10":"0","position_11":"0","position_12":"0","position_13":"0","position_14":"0","position_15":"0","position_16":"0","position_17":"0","position_18":"0","caption_background":false,"image_1_pretext":"Introducing the","image_1_headline":"Turbo Shopify theme","image_1_subtitle":"from Out of the Sandbox","image_1_text_position":"center","image_1_text_align":"center","image_1_button1_text":"","image_1_button1_link":"","image_1_button1_highlight":false,"image_1_button2_text":"","image_1_button2_link":"","image_1_button2_highlight":false,"image_2_pretext":"","image_2_headline":"","image_2_subtitle":"","image_2_text_position":"left","image_2_text_align":"center","image_2_button1_text":"","image_2_button1_link":"","image_2_button1_highlight":false,"image_2_button2_text":"","image_2_button2_link":"","image_2_button2_highlight":false,"image_3_pretext":"","image_3_headline":"","image_3_subtitle":"","image_3_text_position":"left","image_3_text_align":"center","image_3_button1_text":"","image_3_button1_link":"","image_3_button1_highlight":false,"image_3_button2_text":"","image_3_button2_link":"","image_3_button2_highlight":false,"image_4_pretext":"","image_4_headline":"","image_4_subtitle":"","image_4_text_position":"left","image_4_text_align":"center","image_4_button1_text":"","image_4_button1_link":"","image_4_button1_highlight":false,"image_4_button2_text":"","image_4_button2_link":"","image_4_button2_highlight":false,"image_5_pretext":"","image_5_headline":"","image_5_subtitle":"","image_5_text_position":"left","image_5_text_align":"center","image_5_button1_text":"","image_5_button1_link":"","image_5_button1_highlight":false,"image_5_button2_text":"","image_5_button2_link":"","image_5_button2_highlight":false,"image_6_pretext":"","image_6_headline":"","image_6_subtitle":"","image_6_text_position":"left","image_6_text_align":"left","image_6_button1_text":"","image_6_button1_link":"","image_6_button1_highlight":false,"image_6_button2_text":"","image_6_button2_link":"","image_6_button2_highlight":false,"featured_promos_per_row":"4","featured_promos_grid":"full_width","feature_title_on_image_enabled":true,"featured_links_style":"","feature1_enabled":true,"feature1_link":"","feature1_title":"Promo 1","feature1_description":"Optional description can go here","feature1_button":"","feature2_enabled":true,"feature2_link":"http:\/\/help.outofthesandbox.com\/","feature2_title":"Promo 2","feature2_description":"Visit the Out of the Sandbox Support Center for Turbo-related articles and how-tos","feature2_button":"","feature3_enabled":true,"feature3_link":"","feature3_title":"Promo 3","feature3_description":"Publish Turbo as your main theme when you're ready to launch!","feature3_button":"","feature4_enabled":true,"feature4_link":"https:\/\/twitter.com\/outofthesandbox","feature4_title":"Promo 4","feature4_description":"Let us know when your new shop launches on Twitter","feature4_button":"","feature5_enabled":false,"feature5_link":"","feature5_title":"","feature5_description":"","feature5_button":"","feature6_enabled":false,"feature6_link":"","feature6_title":"","feature6_description":"","feature6_button":"","feature7_enabled":false,"feature7_link":"","feature7_title":"","feature7_description":"","feature7_button":"","feature8_enabled":false,"feature8_link":"","feature8_title":"","feature8_description":"","feature8_button":"","frontpage_linklist":"","frontpage_collections_per_row":"1","frontpage_text_align":"left","frontpage_collection":"frontpage","frontpage_collection_style":"slider","frontpage_products_per_row":"4","frontpage_collection2":"","frontpage_collection_style2":"grid","frontpage_products_per_row2":"4","frontpage_collection_full":"","frontpage_display_description":false,"frontpage_product_stagger":true,"homepage1":"frontpage","homepage2":"","homepage3":"","blog_widget_select":"news","home_page_articles":"4","slideshow_text_animation":"fadeIn","slideshow_text_background":false,"slidespeed":"6000","slide1_enabled":true,"slide1_alt_text":"","slide1_pretext":"A full-width slideshow","slide1_headline":"This is a big heading","slide1_subtitle":"This is a subheading where you can include more text if you wish","slide1_text_position":"right","slide1_text_align":"right","slide1_button1_text":"","slide1_button1_link":"","slide1_button1_highlight":false,"slide1_button2_text":"","slide1_button2_link":"","slide1_button2_highlight":false,"slide2_enabled":true,"slide2_alt_text":"","slide2_pretext":"","slide2_headline":"Just a banner heading here","slide2_subtitle":"","slide2_text_position":"center","slide2_text_align":"center","slide2_button1_text":"Button 1","slide2_button1_link":"","slide2_button1_highlight":true,"slide2_button2_text":"Button 2","slide2_button2_link":"","slide2_button2_highlight":false,"slide3_enabled":false,"slide3_alt_text":"","slide3_pretext":"","slide3_headline":"","slide3_subtitle":"","slide3_text_position":"left","slide3_text_align":"left","slide3_button1_text":"","slide3_button1_link":"","slide3_button1_highlight":false,"slide3_button2_text":"","slide3_button2_link":"","slide3_button2_highlight":false,"slide4_enabled":false,"slide4_alt_text":"","slide4_pretext":"","slide4_headline":"","slide4_subtitle":"","slide4_text_position":"left","slide4_text_align":"left","slide4_button1_text":"","slide4_button1_link":"","slide4_button1_highlight":false,"slide4_button2_text":"","slide4_button2_link":"","slide4_button2_highlight":false,"slide5_enabled":false,"slide5_alt_text":"","slide5_pretext":"","slide5_headline":"","slide5_subtitle":"","slide5_text_position":"left","slide5_text_align":"left","slide5_button1_text":"","slide5_button1_link":"","slide5_button1_highlight":false,"slide5_button2_text":"","slide5_button2_link":"","slide5_button2_highlight":false,"slide6_enabled":false,"slide6_alt_text":"","slide6_pretext":"","slide6_headline":"","slide6_subtitle":"","slide6_text_position":"left","slide6_text_align":"left","slide6_button1_text":"","slide6_button1_link":"","slide6_button1_highlight":false,"slide6_button2_text":"","slide6_button2_link":"","slide6_button2_highlight":false,"banner_video_source":"youtube","aspect_ratio":"16:9","banner_video_autoloop":false,"banner_video_autoplay":false,"banner_video_text":false,"video_dark_overlay":false,"banner_video_id":"eGyhA-DIYvg","banner_video_mp4":"","banner_video_ogv":"","video_pretext":"Full-width video section","video_headline":"Optional heading here","video_subtitle":"","video_text_position":"center","video_text_align":"center","video_button1_text":"Play Video","video_button1_link":"","video_button1_highlight":true,"video_button2_text":"","video_button2_link":"","video_button2_highlight":false,"twitter_widget":false,"twitter_username":"","twitter_theme":"light","tweet_count":"3","instagram_widget":false,"instagram_client_id":"","instagram_title":"Instagram","instagram_count":"4","product_breadcrumb":true,"display_tags":true,"display_type":true,"display_vendor":false,"display_sku":false,"display_collections":true,"display_related_products":true,"products_per_slide":"3","display_inventory_left":false,"gallery_arrows":true,"product_thumbs":true,"activate_zoom":true,"activate_autoplay":false,"product_images_position":"left","thumbnail_position":"left-thumbnails","product_description_position":"bottom","products_per_row":"4","pagination_limit":"24","collection_breadcrumb":true,"collection_tags":true,"collection_sort":true,"display_collection_title":true,"display_vendor_collection":false,"collection_banner_enabled":false,"display_collection_header_title":false,"contact_address":"","zoom_level":"15","contact_banner_enabled":true,"image_contact_headline":"","image_contact_subtitle":"","blog_posts_per_page":"6","blog_articles_per_row":"3","blog_breadcrumb":true,"blog_tags":true,"blog_author":true,"blog_date":true,"blog_comment_count":true,"read_more_link":true,"read_more_style":"button","blog_additional_articles":true,"sidebar_enabled":false,"blog_search":true,"blog_newsletter":true,"display_recent_articles":false,"blog_sidebar_tags":true,"blog_content_page":"","article_banner_enabled":false,"article_banner_darken":true,"blog_banner_enabled":false,"image_blog_headline":"","image_blog_subtitle":"","use_newsletter_image":true,"newsletter_img_alt_text":"","newsletter_banner":true,"use_newsletter_section_bg_image":false,"newsletter_section_text_align":"center","display_social_buttons":true,"social_icons_header":true,"social_icons_footer":true,"checkout_use_header_image":false,"checkout_logo":"","checkout_use_body_background_image":false,"checkout_use_sidebar_background_image":false,"icon_btn_color":"#969696","icon_btn_text_color":"#FFFFFF","quick_shop_color":"#000000","slideshow_arrows":"0","home_blog_slider":"0","promo_banner_global":false,"side_cart_position":"right","slideshow_subtitle_typeface_method":"google_webfonts","headline_animation":"fadeIn","share_banner_color":"#007a87","dropdown_column_links":"10","content_top_padding":"100","tab_background_color":"#ffffff","mobile_header_bg_color":"#666666","mobile_menu_color":"black","shop_use_content_bg_color":false,"shop_content_bg_color":"","shop_use_home_page_content_bg_color":true,"logo_typeface_method":"google_webfonts","logo_websafe_font":"Helvetica, Arial, sans-serif","logo_color_home":"#ffffff","headline_typeface_method":"google_webfonts","headline_websafe_font":"'HelveticaNeue-Light', 'Helvetica Neue Light', 'Helvetica Neue', Helvetica, Arial, sans-serif","nav_typeface_method":"google_webfonts","nav_websafe_font":"'Lucida Grande', 'Lucida Sans Unicode', 'Lucida Sans', Lucida, Helvetica, Arial, sans-serif","regular_typeface_method":"websafe","regular_websafe_font":"'HelveticaNeue-Light', 'Helvetica Neue Light', 'Helvetica Neue', Helvetica, Arial, sans-serif","slideshow_1_enabled":true,"homepage_arrow":true,"image_1_height":"550","image_1_alt_text":"","image_1_text_color":"#ffffff","image_1_button_text":"","image_1_link":"","slideshow_2_enabled":false,"image_2_position":"3","image_2_height":"550","image_2_alt_text":"","image_2_text_color":"#ffffff","image_2_button_text":"","image_2_link":"","slideshow_3_enabled":false,"image_3_position":"5","image_3_height":"550","image_3_alt_text":"","image_3_text_color":"#ffffff","image_3_button_text":"","image_3_link":"","slideshow_4_enabled":false,"image_4_position":"7","image_4_height":"600","image_4_alt_text":"","image_4_text_color":"#ffffff","image_4_button_text":"","image_4_link":"","slideshow_5_enabled":false,"image_5_position":"10","image_5_height":"550","image_5_alt_text":"","image_5_text_color":"#ffffff","image_5_button_text":"","image_5_link":"","slideshow_6_enabled":false,"image_6_position":"2","image_6_height":"550","image_6_alt_text":"","image_6_text_color":"#ffffff","image_6_button_text":"","image_6_link":"","content_1_position":"4","content_2_position":"6","content_3_position":"10","featured_links_position":"2","featured_links":true,"featured_links_count":"3","featured_collections_position":"15","featured_products_position":"8","featured_product_position":"9","featured_blog_position":"13","featured_social_position":"14","instagram_username":"","product_slideshow_animation":"slide","add_to_cart_text":"Add to Cart","sold_out_text":"Sold Out","related_products_title":"Related Items","inventory_left_text":"items left","homepage_sidebar":false,"collection_sidebar_vendor_text":"Vendors","tags_text":"Filter","side_cart_enabled":true,"tax_included":false,"shipping_calculator_heading":"Shipping rates calculator","shipping_calculator_submit_button_label":"Calculate shipping rates","shipping_calculator_submit_button_label_disabled":"Calculating...","constrain_logo":true,"total_text":"TOTAL","display_social_buttons_blog":true,"newsletter_enabled":true,"newsletter_description":"Sign up to get the latest on sales, new releases and more …","newsletter_success_text":"Thank you for joining our mailing list!","newsletter_system":"shopify","flickr_link":"","newsletter_popup_page":"","newsletter_popup_max_width":"600","blog_widget":"false","instagram_tag_name":"","slideshow_animation":"fade","slideshow_menu":"true","cart_return":"checkout","side_cart_button_position":"bottom","nav_active_color":"#B8C6C6","quick_shop_text":"Quick View","newsletter_text":"News & Updates","footer_link_color":"#55c0d4","footer_link_color_hover":"#fc4c02","footer_color":"#16161d","footer_text_color":"#ffffff","featured_text":"#ffffff","feature1_text":"420x265","feature2_text":"420x265","feature3_text":"420x265","featured_links_weight":"bold","social_icons_enabled":"true","headline_sub_footer_text_color":"#404040","sections":{"header":{"type":"header","settings":{"fixed_header":true,"search_enabled":true,"promo_text":"","social_icons_header":true,"show_cart":true,"phone_number":"","top_bar_menu":"","cart_icon":"cart","logo":"","logo_home":"","logo_mobile":"","main_linklist":"main-menu","main_linklist2":"footer","logo_position":"center","logo_alignment":"center","menu_position":"inline","menu_alignment":"align_left","logo_top_padding":15,"menu_top_padding":10}},"footer":{"type":"footer","blocks":{"footer-0":{"type":"logo","settings":{"image":"","text_align":"left","social_icons_footer":false}},"footer-1":{"type":"link_list","settings":{"menu":"footer","social_icons_footer":false}},"footer-2":{"type":"link_list","settings":{"menu":"","social_icons_footer":false}},"footer-3":{"type":"text","settings":{"title":"Title","content":"<p>Use this text to share information about your brand with your customers.<\/p>","social_icons_footer":true}}},"block_order":["footer-0","footer-1","footer-2","footer-3"],"settings":{"copyright_text":"","display_designed_by":true,"display_payment_methods":true}},"1489283389016":{"type":"image-with-text-overlay","settings":{"image":"","pretext":"<p>Introducing the<\/p>","title":"Turbo Shopify Theme","subtitle":"<p>From Out of the Sandbox<\/p>","caption_background":false,"caption_background_transparency":false,"text_position":"center","text_align":"center","button1":"","button1_link":"","button1_highlight":false,"button2":"","button2_link":"","button2_highlight":false}},"1489283660007":{"type":"featured-text","settings":{"image":"","title":"Talk about your brand","content":"<p>Use this text to share information about your brand with your customers.<\/p>\r\n<p>Describe a product, share announcements, or welcome customers to your store.<\/p>","text_size":"featured_text","text_alignment":"center","button_label":"","button_link":""}},"1489283737905":{"type":"featured-promotions","blocks":{"1489283737905-0":{"type":"image","settings":{"image":"","link":"","title":"Feature","text":"<p>Promotion description details.<\/p>","button_label":""}},"1489283737905-1":{"type":"image","settings":{"image":"","link":"","title":"Feature","text":"<p>Promotion description details.<\/p>","button_label":""}},"1489283737905-2":{"type":"image","settings":{"image":"","link":"","title":"Feature","text":"<p>Promotion description details.<\/p>","button_label":""}},"1489283758712":{"type":"image","settings":{"image":"","link":"","title":"Feature","text":"<p>Promotion description details.<\/p>","button_label":""}}},"block_order":["1489283737905-0","1489283737905-1","1489283737905-2","1489283758712"],"settings":{"featured_promos_per_row":4,"featured_promos_grid":"full_width","featured_links_animation":"fadeInDown","feature_style":"square","promo_text_on_image_enabled":true}},"1489283919239":{"type":"featured-collection","settings":{"title":"Featured collection","collection":"","collection_style":"slider","products_per":4,"products_limit":24}},"1489284011497":{"type":"slideshow","blocks":{"1489284011497-0":{"type":"image","settings":{"image":"","pretext":"","title":"Turbo Shopify Theme","subtitle":"","text_position":"center","text_align":"center","caption_background":false,"caption_background_transparency":false,"button1":"Primary Button","button1_link":"","button1_highlight":true,"button2":"Secondary Button","button2_link":"","button2_highlight":false}},"1489284011497-1":{"type":"image","settings":{"image":"","pretext":"<p>Short text that precedes the headline<\/p>","title":"Your headline here","subtitle":"<p>This is a short subheading for your slideshow image<\/p>","text_position":"center","text_align":"center","caption_background":false,"caption_background_transparency":false,"button1":"","button1_link":"","button1_highlight":false,"button2":"","button2_link":"","button2_highlight":false}}},"block_order":["1489284011497-0","1489284011497-1"],"settings":{"slideshow_text_animation":"fadeInDown","slideshow_animation":"slide"}},"1489284503681":{"type":"image-text","blocks":{"1489284503681-0":{"type":"image","settings":{"image":"","title":"Your headline","text":"<p>Promotion description appears here.<\/p>","button_label":"View all","link":""}},"1489284503681-1":{"type":"image","settings":{"image":"","title":"Your headline","text":"<p>Promotion description appears here.<\/p>","button_label":"View all","link":""}}},"block_order":["1489284503681-0","1489284503681-1"],"settings":{"featured_links_per_row":"1","frontpage_text_align":"left"}},"1489284533457":{"type":"image-with-text-overlay","settings":{"image":"","pretext":"","title":"Your Headline","subtitle":"","caption_background":false,"caption_background_transparency":false,"text_position":"center","text_align":"center","button1":"","button1_link":"","button1_highlight":false,"button2":"","button2_link":"","button2_highlight":false}},"1489285116594":{"type":"collection-list","blocks":{"1489285116594-0":{"type":"collection","settings":{"feature_collection":"","image":""}},"1489285116594-1":{"type":"collection","settings":{"feature_collection":"","image":""}},"1489285116594-2":{"type":"collection","settings":{"feature_collection":"","image":""}},"1489285780844":{"type":"collection","settings":{"feature_collection":"","image":""}},"1489285785375":{"type":"collection","settings":{"feature_collection":"","image":""}},"1489285787858":{"type":"collection","settings":{"feature_collection":"","image":""}}},"block_order":["1489285116594-0","1489285116594-1","1489285116594-2","1489285780844","1489285785375","1489285787858"],"settings":{"title":"Collection list","frontpage_collections_per_row":3}},"1489285174583":{"type":"featured-products","blocks":{"1489285174583-0":{"type":"product","settings":{"featured_product":""}},"1489285174583-1":{"type":"product","settings":{"featured_product":""}}},"block_order":["1489285174583-0","1489285174583-1"],"settings":{"frontpage_product_stagger":true,"gallery_arrows":true,"activate_zoom":false,"activate_autoplay":false,"slideshow_animation":"slide","display_vendor":false,"frontpage_display_description":true,"product_description_position":"top"}},"1489285367207":{"type":"newsletter","settings":{"newsletter_title":"Subscribe","newsletter_text":"<p>Sign up to get the latest on sales, new releases and more &hellip;<\/p>","display_first_name":false,"display_last_name":false,"newsletter_section_text_align":"center","image":""}},"1489285418400":{"type":"featured-blog","settings":{"title":"Blog posts","blog_widget_select":"","home_page_articles":3,"blog_tags":false,"blog_author":false,"blog_date":true,"blog_comment_count":true,"read_more_link":true}},"1489285451288":{"type":"social-feeds","blocks":{"1489285451288-1":{"type":"instagram","settings":{"instagram_client_id":"","instagram_title":"Instagram","instagram_count":4}}},"block_order":["1489285451288-1"],"settings":{}},"1489285524898":{"type":"testimonial","blocks":{"1489285524898-0":{"type":"image","settings":{"image":"","enable_image":true,"darken_bg":false,"title":"Customer Testimonial","testimonial":"<p>Lorem ipsum dolor sit amet, consectetur adipiscing elit. Nullam quam enim, fringilla ut purus ut, pretium ullamcorper sem. In sit amet vestibulum tellus. Aenean gravida dolor eget mi bibendum semper. <\/p>","name":"","store_name":"","link":"","text_position":"center","text_align":"center"}},"1489285524898-1":{"type":"image","settings":{"image":"","enable_image":true,"darken_bg":false,"title":"Customer Testimonial","testimonial":"<p>Lorem ipsum dolor sit amet, consectetur adipiscing elit. Nullam quam enim, fringilla ut purus ut, pretium ullamcorper sem. In sit amet vestibulum tellus. Aenean gravida dolor eget mi bibendum semper. <\/p>","name":"","store_name":"","link":"","text_position":"center","text_align":"center"}},"1489285524898-2":{"type":"image","settings":{"image":"","enable_image":true,"darken_bg":false,"title":"Customer Testimonial","testimonial":"<p>Lorem ipsum dolor sit amet, consectetur adipiscing elit. Nullam quam enim, fringilla ut purus ut, pretium ullamcorper sem. In sit amet vestibulum tellus. Aenean gravida dolor eget mi bibendum semper. <\/p>","name":"","store_name":"","link":"","text_position":"center","text_align":"center"}}},"block_order":["1489285524898-0","1489285524898-1","1489285524898-2"],"settings":{"testimonial_text_animation":"fadeInDown"}}},"content_for_index":["1489283389016","1489283660007","1489283737905","1489283919239","1489284011497","1489284503681","1489284533457","1489285116594","1489285524898","1489285174583","1489285367207","1489285418400","1489285451288"]},"Seoul":{"performance":"ludicrous","image_loading_style":"blur-up","logo_color":"#000000","regular_color":"#333333","banner_color":"#ffffff","headline_color":"#333333","headline_border_color":"#aaaaaa","featured_promos_text_color":"#ffffff","headline_footer_text_color":"#040404","sub_footer_text_color":"#6b6b6b","sale_color":"#c57e7e","was_price_color":"#8c8b8b","product_hover_text_color":"#000000","promo_text_color":"#333333","shop_home_page_content_text_color":"#363636","newsletter_popup_color":"#363636","newsletter_section_color":"#000000","top_bar_color":"#000000","top_bar_color_hover":"#9d8661","nav_color":"#000000","nav_color_home":"#000000","nav_color_hover":"#9d8661","link_color":"#8b6a1b","link_hover_color":"#9d8661","sidebar_nav_color":"#363636","sidebar_nav_color_hover":"#9d8661","sub_footer_link_color":"#8b6a1b","sub_footer_link_color_hover":"#9d8661","btn_color":"#9d8661","btn_hover_color":"#8b6a1b","btn_text_color":"#ffffff","button_style":"pill_shaped","swatch_style":"rounded","table_styles_enabled":true,"slideshow_arrow_size":"light","border_color":"#cccccc","sub_footer_border_color":"#cccccc","sale_banner_color":"#c57e7e","new_banner_color":"#2d3740","banner_style":"round","testimonial_color":"#ffffff","testimonial_bg_color":"#5c5c5c","shop_bg_color":"#f1f1f1","modal_background_color":"#f1f1f1","top_bar_bg_color":"#e6e6e6","top_bar_cart_bg_color":"#e6e6e6","banner_background_color":"#1e1e1e","header_bg_color":"#ffffff","header_background":true,"transparent_header":false,"promo_bg_color":"#eae1d1","shop_home_page_content_bg_color":"#f1f1f1","featured_links_background":"#f1f1f1","product_hover_bg_color":"#f1f1f1","use_custom_bg_image":false,"repeat_bg":"repeat","bg_fixed":false,"bg_stretched":false,"sub_footer_color":"#ffffff","footer_bg":"","footer_bg_stretched":false,"newsletter_popup_background_color":"#ffffff","newsletter_section_background_color":"#b4bac1","custom_logo":"","password_page_text_color":"#ffffff","password_page_background_color":"#000000","password-page-background":"","pagework_page_bg_stretched":true,"logo_font":"Google_Dosis","logo_weight":"normal","logo_font_style":"uppercase","logo_font_size":"20","headline_font":"Google_Dosis","headline_weight":"normal","headline_font_style":"uppercase","headline_font_text":"normal","headline_font_size":"34","headline_letter_spacing":"2","headline_border":"thin","top_bar_font_size":"13","top_bar_letter_spacing":"1","nav_font":"Google_Dosis","nav_weight":"normal","nav_font_style":"none","nav_font_size":"15","nav_letter_spacing":"1","nav_shadow":false,"regular_font":"Google_'Exo+2'","regular_weight":"lighter","regular_font_style":"none","regular_font_size":"16","button_weight":"normal","button_font_style":"uppercase","button_font_size":"15","footer_font_size":"14","slideshow_headline_size":"50","slideshow_headline_weight":"lighter","slideshow_subtitle_font":"Google_Dosis","slideshow_subtitle_weight":"lighter","slideshow_subtitle_font_style":"none","slideshow_subtitle_font_text":"normal","slideshow_subtitle_size":"20","slideshow_subtitle_letter_spacing":"1","slideshow_shadow":true,"favicon":"","search_option":"products","mobile_products_per_row":"2","pagination_type":"basic_pagination","align_height":false,"collection_height":"200","thumbnail_hover_enabled":true,"collection_secondary_image":false,"sale_banner_enabled":true,"collection_swatches":false,"notify_me_form":true,"product_form_style":"swatches","display_product_quantity":true,"free_price_text":"Price TBD","quick_shop_enabled":true,"description_words":"25","quick_shop_full_description":false,"enable_shopify_review_comments":false,"review_position":"below_product_details","enable_shopify_collection_badges":false,"enable_shopify_product_badges":false,"cart_action":"ajax","tos_page":"","go_to_checkout":true,"display_special_instructions":true,"display_tos_checkbox":true,"cart_message":"","show_shipping_calculator":true,"shipping_calculator_default_country":"United States","show_multiple_currencies":true,"currency_format":"money_format","supported_currencies":"USD CAD AUD GBP EUR JPY","default_currency":"USD","mailchimp_link":"","secondary_newsletter_banner":false,"newsletter_popup":false,"newsletter_popup_mobile":false,"newsletter_popup_form":true,"display_first_name":false,"display_last_name":false,"use_newsletter_border":false,"newsletter_bg":"shopify:\/\/shop_images\/NL-popup2.jpg","newsletter_popup_image_align":"right","newsletter_popup_title":"Sign Up Today","newsletter_popup_text":"<p><\/p>","newsletter_popup_text_align":"center","newsletter_popup_seconds":"0","newsletter_popup_days":"7","twitter_link":"https:\/\/twitter.com\/outofthesandbox","facebook_link":"https:\/\/facebook.com\/ootsb","google_link":"","youtube_link":"https:\/\/www.youtube.com\/user\/outofthesandbox","vimeo_link":"","pinterest_link":"","tumblr_link":"","instagram_link":"https:\/\/www.instagram.com\/shopify\/","snapchat_link":"https:\/\/www.snapchat.com\/add\/shopify","houzz_link":"","linkedin_link":"","email_link":"","disqus_enabled":false,"disqus_shortname":"","checkout_logo_position":"left","checkout_logo_size":"medium","checkout_body_background_image":"","checkout_body_background_color":"#fff","checkout_input_background_color_mode":"white","checkout_sidebar_background_image":"","checkout_sidebar_background_color":"#fafafa","checkout_heading_font":"Helvetica Neue","checkout_body_font":"Helvetica Neue","checkout_accent_color":"#c79f5c","checkout_button_color":"#c1aa89","checkout_error_color":"#e1255f","use_password_bg_image":true,"twitter_widget":false,"twitter_username":"","twitter_title":"Tweets","twitter_theme":"light","tweet_count":"3","instagram_widget":false,"instagram_client_id":"","instagram_title":"Instagram","instagram_count":"4","products_per_row":"4","pagination_limit":"24","use_custom_footer_image":false,"use_logo":false,"logo_alignment":"center","use_logo_home":false,"use_logo_mobile":false,"logo_width":160,"promo_text":"","phone_number":"","top_bar_menu":"","main_linklist":"main-menu","main_linklist2":"","menu_position":"inline","menu_alignment":"align_left","fixed_header":true,"logo_top_padding":"12","menu_top_padding":"8","cart_icon":"cart","search_enabled":true,"collection_sidebar":false,"product_sidebar":false,"collection_top_sidebar_page":"","collection_sidebar_linklist":"","collection_sidebar_linklist2":"","filter_by_category":false,"filter_by_tag":true,"collection_sidebar_products":true,"collection_sidebar_vendors":false,"collection_sidebar_page":"","footer_logo":false,"footer_linklist_1":"footer","footer_linklist_2":"main-menu","footer_linklist_3":"","footer_content_page":"","copyright_text":"","display_designed_by":true,"display_payment_methods":true,"behind_menu":true,"position_1":"1","position_2":"12","position_3":"7","position_4":"9","position_5":"16","position_6":"15","position_7":"0","position_8":"0","position_9":"0","position_10":"0","position_11":"0","position_12":"0","position_13":"0","position_14":"0","position_15":"0","position_16":"0","position_17":"0","position_18":"0","caption_background":false,"image_1_pretext":"Introducing the","image_1_headline":"Turbo Shopify theme","image_1_subtitle":"from Out of the Sandbox","image_1_text_position":"center","image_1_text_align":"center","image_1_button1_text":"","image_1_button1_link":"","image_1_button1_highlight":false,"image_1_button2_text":"","image_1_button2_link":"","image_1_button2_highlight":false,"image_2_pretext":"","image_2_headline":"","image_2_subtitle":"","image_2_text_position":"left","image_2_text_align":"center","image_2_button1_text":"","image_2_button1_link":"","image_2_button1_highlight":false,"image_2_button2_text":"","image_2_button2_link":"","image_2_button2_highlight":false,"image_3_pretext":"","image_3_headline":"","image_3_subtitle":"","image_3_text_position":"left","image_3_text_align":"center","image_3_button1_text":"","image_3_button1_link":"","image_3_button1_highlight":false,"image_3_button2_text":"","image_3_button2_link":"","image_3_button2_highlight":false,"image_4_pretext":"","image_4_headline":"","image_4_subtitle":"","image_4_text_position":"left","image_4_text_align":"center","image_4_button1_text":"","image_4_button1_link":"","image_4_button1_highlight":false,"image_4_button2_text":"","image_4_button2_link":"","image_4_button2_highlight":false,"image_5_pretext":"","image_5_headline":"","image_5_subtitle":"","image_5_text_position":"left","image_5_text_align":"center","image_5_button1_text":"","image_5_button1_link":"","image_5_button1_highlight":false,"image_5_button2_text":"","image_5_button2_link":"","image_5_button2_highlight":false,"image_6_pretext":"","image_6_headline":"","image_6_subtitle":"","image_6_text_position":"left","image_6_text_align":"left","image_6_button1_text":"","image_6_button1_link":"","image_6_button1_highlight":false,"image_6_button2_text":"","image_6_button2_link":"","image_6_button2_highlight":false,"featured_promos_per_row":"4","featured_promos_grid":"full_width","feature_title_on_image_enabled":true,"featured_links_style":"","feature1_enabled":true,"feature1_link":"","feature1_title":"Promo 1","feature1_description":"Optional description can go here","feature1_button":"","feature2_enabled":true,"feature2_link":"http:\/\/help.outofthesandbox.com\/","feature2_title":"Promo 2","feature2_description":"Visit the Out of the Sandbox Support Center for Turbo-related articles and how-tos","feature2_button":"","feature3_enabled":true,"feature3_link":"","feature3_title":"Promo 3","feature3_description":"Publish Turbo as your main theme when you're ready to launch!","feature3_button":"","feature4_enabled":true,"feature4_link":"https:\/\/twitter.com\/outofthesandbox","feature4_title":"Promo 4","feature4_description":"Let us know when your new shop launches on Twitter","feature4_button":"","feature5_enabled":false,"feature5_link":"","feature5_title":"","feature5_description":"","feature5_button":"","feature6_enabled":false,"feature6_link":"","feature6_title":"","feature6_description":"","feature6_button":"","feature7_enabled":false,"feature7_link":"","feature7_title":"","feature7_description":"","feature7_button":"","feature8_enabled":false,"feature8_link":"","feature8_title":"","feature8_description":"","feature8_button":"","frontpage_linklist":"","frontpage_collections_per_row":"1","frontpage_text_align":"left","frontpage_collection":"frontpage","frontpage_collection_style":"slider","frontpage_products_per_row":"4","frontpage_collection2":"","frontpage_collection_style2":"grid","frontpage_products_per_row2":"4","frontpage_collection_full":"","frontpage_display_description":false,"frontpage_product_stagger":true,"homepage1":"frontpage","homepage2":"","homepage3":"","blog_widget_select":"news","home_page_articles":"4","slideshow_text_animation":"fadeIn","slideshow_text_background":false,"slidespeed":"6000","slide1_enabled":true,"slide1_alt_text":"","slide1_pretext":"A full-width slideshow","slide1_headline":"This is a big heading","slide1_subtitle":"This is a subheading where you can include more text if you wish","slide1_text_position":"right","slide1_text_align":"right","slide1_button1_text":"","slide1_button1_link":"","slide1_button1_highlight":false,"slide1_button2_text":"","slide1_button2_link":"","slide1_button2_highlight":false,"slide2_enabled":true,"slide2_alt_text":"","slide2_pretext":"","slide2_headline":"Just a banner heading here","slide2_subtitle":"","slide2_text_position":"center","slide2_text_align":"center","slide2_button1_text":"Button 1","slide2_button1_link":"","slide2_button1_highlight":true,"slide2_button2_text":"Button 2","slide2_button2_link":"","slide2_button2_highlight":false,"slide3_enabled":false,"slide3_alt_text":"","slide3_pretext":"","slide3_headline":"","slide3_subtitle":"","slide3_text_position":"left","slide3_text_align":"left","slide3_button1_text":"","slide3_button1_link":"","slide3_button1_highlight":false,"slide3_button2_text":"","slide3_button2_link":"","slide3_button2_highlight":false,"slide4_enabled":false,"slide4_alt_text":"","slide4_pretext":"","slide4_headline":"","slide4_subtitle":"","slide4_text_position":"left","slide4_text_align":"left","slide4_button1_text":"","slide4_button1_link":"","slide4_button1_highlight":false,"slide4_button2_text":"","slide4_button2_link":"","slide4_button2_highlight":false,"slide5_enabled":false,"slide5_alt_text":"","slide5_pretext":"","slide5_headline":"","slide5_subtitle":"","slide5_text_position":"left","slide5_text_align":"left","slide5_button1_text":"","slide5_button1_link":"","slide5_button1_highlight":false,"slide5_button2_text":"","slide5_button2_link":"","slide5_button2_highlight":false,"slide6_enabled":false,"slide6_alt_text":"","slide6_pretext":"","slide6_headline":"","slide6_subtitle":"","slide6_text_position":"left","slide6_text_align":"left","slide6_button1_text":"","slide6_button1_link":"","slide6_button1_highlight":false,"slide6_button2_text":"","slide6_button2_link":"","slide6_button2_highlight":false,"banner_video_source":"youtube","aspect_ratio":"16:9","banner_video_autoloop":false,"banner_video_autoplay":false,"banner_video_text":false,"video_dark_overlay":false,"banner_video_id":"eGyhA-DIYvg","banner_video_mp4":"","banner_video_ogv":"","video_pretext":"Full-width video section","video_headline":"Optional heading here","video_subtitle":"","video_text_position":"center","video_text_align":"center","video_button1_text":"Play Video","video_button1_link":"","video_button1_highlight":true,"video_button2_text":"","video_button2_link":"","video_button2_highlight":false,"product_breadcrumb":true,"display_tags":true,"display_type":true,"display_vendor":false,"display_sku":false,"display_collections":true,"display_related_products":true,"products_per_slide":"3","display_inventory_left":false,"gallery_arrows":true,"product_thumbs":true,"activate_zoom":true,"activate_autoplay":false,"product_images_position":"left","thumbnail_position":"left-thumbnails","product_description_position":"bottom","collection_breadcrumb":true,"collection_tags":true,"collection_sort":true,"display_collection_title":true,"display_vendor_collection":false,"collection_banner_enabled":false,"display_collection_header_title":false,"contact_address":"","zoom_level":"15","contact_banner_enabled":true,"image_contact_headline":"","image_contact_subtitle":"","blog_posts_per_page":"6","blog_articles_per_row":"3","blog_breadcrumb":true,"blog_tags":true,"blog_author":true,"blog_date":true,"blog_comment_count":true,"read_more_link":true,"read_more_style":"button","blog_additional_articles":true,"sidebar_enabled":false,"blog_search":true,"blog_newsletter":true,"display_recent_articles":false,"blog_sidebar_tags":true,"blog_content_page":"","article_banner_enabled":false,"article_banner_darken":true,"blog_banner_enabled":false,"image_blog_headline":"","image_blog_subtitle":"","use_newsletter_image":true,"newsletter_img_alt_text":"","newsletter_banner":true,"use_newsletter_section_bg_image":false,"newsletter_section_text_align":"center","display_social_buttons":true,"social_icons_header":true,"social_icons_footer":true,"checkout_use_header_image":false,"checkout_logo":"","checkout_use_body_background_image":false,"checkout_use_sidebar_background_image":false,"icon_btn_color":"#969696","icon_btn_text_color":"#FFFFFF","quick_shop_color":"#000000","slideshow_arrows":"0","home_blog_slider":"0","promo_banner_global":false,"side_cart_position":"right","slideshow_subtitle_typeface_method":"google_webfonts","headline_animation":"fadeIn","share_banner_color":"#007a87","dropdown_column_links":"10","content_top_padding":"100","tab_background_color":"#ffffff","mobile_header_bg_color":"#666666","mobile_menu_color":"black","shop_use_content_bg_color":false,"shop_content_bg_color":"","shop_use_home_page_content_bg_color":true,"logo_typeface_method":"google_webfonts","logo_websafe_font":"Helvetica, Arial, sans-serif","logo_color_home":"#ffffff","headline_typeface_method":"google_webfonts","headline_websafe_font":"'HelveticaNeue-Light', 'Helvetica Neue Light', 'Helvetica Neue', Helvetica, Arial, sans-serif","nav_typeface_method":"google_webfonts","nav_websafe_font":"'Lucida Grande', 'Lucida Sans Unicode', 'Lucida Sans', Lucida, Helvetica, Arial, sans-serif","regular_typeface_method":"websafe","regular_websafe_font":"'HelveticaNeue-Light', 'Helvetica Neue Light', 'Helvetica Neue', Helvetica, Arial, sans-serif","slideshow_1_enabled":true,"homepage_arrow":true,"image_1_height":"550","image_1_alt_text":"","image_1_text_color":"#ffffff","image_1_button_text":"","image_1_link":"","slideshow_2_enabled":false,"image_2_position":"3","image_2_height":"550","image_2_alt_text":"","image_2_text_color":"#ffffff","image_2_button_text":"","image_2_link":"","slideshow_3_enabled":false,"image_3_position":"5","image_3_height":"550","image_3_alt_text":"","image_3_text_color":"#ffffff","image_3_button_text":"","image_3_link":"","slideshow_4_enabled":false,"image_4_position":"7","image_4_height":"600","image_4_alt_text":"","image_4_text_color":"#ffffff","image_4_button_text":"","image_4_link":"","slideshow_5_enabled":false,"image_5_position":"10","image_5_height":"550","image_5_alt_text":"","image_5_text_color":"#ffffff","image_5_button_text":"","image_5_link":"","slideshow_6_enabled":false,"image_6_position":"2","image_6_height":"550","image_6_alt_text":"","image_6_text_color":"#ffffff","image_6_button_text":"","image_6_link":"","content_1_position":"4","content_2_position":"6","content_3_position":"10","featured_links_position":"2","featured_links":true,"featured_links_count":"3","featured_collections_position":"15","featured_products_position":"8","featured_product_position":"9","featured_blog_position":"13","featured_social_position":"14","instagram_username":"","product_slideshow_animation":"slide","add_to_cart_text":"Add to Cart","sold_out_text":"Sold Out","related_products_title":"Related Items","inventory_left_text":"items left","homepage_sidebar":false,"collection_sidebar_vendor_text":"Vendors","tags_text":"Filter","side_cart_enabled":true,"tax_included":false,"shipping_calculator_heading":"Shipping rates calculator","shipping_calculator_submit_button_label":"Calculate shipping rates","shipping_calculator_submit_button_label_disabled":"Calculating...","constrain_logo":true,"total_text":"TOTAL","display_social_buttons_blog":true,"newsletter_enabled":true,"newsletter_description":"Sign up to get the latest on sales, new releases and more …","newsletter_success_text":"Thank you for joining our mailing list!","newsletter_system":"shopify","flickr_link":"","newsletter_popup_page":"","newsletter_popup_max_width":"600","blog_widget":"false","instagram_tag_name":"","slideshow_animation":"fade","slideshow_menu":"true","cart_return":"checkout","side_cart_button_position":"bottom","nav_active_color":"#B8C6C6","quick_shop_text":"Quick View","newsletter_text":"News & Updates","footer_link_color":"#55c0d4","footer_link_color_hover":"#fc4c02","footer_color":"#16161d","footer_text_color":"#ffffff","featured_text":"#ffffff","feature1_text":"420x265","feature2_text":"420x265","feature3_text":"420x265","featured_links_weight":"bold","social_icons_enabled":"true","headline_sub_footer_text_color":"#404040","sections":{"header":{"type":"header","settings":{"fixed_header":true,"search_enabled":true,"promo_text":"","social_icons_header":true,"show_cart":true,"phone_number":"","top_bar_menu":"","cart_icon":"cart","logo":"","logo_home":"","logo_mobile":"","main_linklist":"main-menu","main_linklist2":"footer","logo_position":"center","logo_alignment":"center","menu_position":"inline","menu_alignment":"align_left","logo_top_padding":15,"menu_top_padding":10}},"footer":{"type":"footer","blocks":{"footer-0":{"type":"logo","settings":{"image":"","text_align":"left","social_icons_footer":false}},"footer-1":{"type":"link_list","settings":{"menu":"footer","social_icons_footer":false}},"footer-2":{"type":"link_list","settings":{"menu":"","social_icons_footer":false}},"footer-3":{"type":"text","settings":{"title":"Title","content":"<p>Use this text to share information about your brand with your customers.<\/p>","social_icons_footer":true}}},"block_order":["footer-0","footer-1","footer-2","footer-3"],"settings":{"copyright_text":"","display_designed_by":true,"display_payment_methods":true}},"1489283389016":{"type":"image-with-text-overlay","settings":{"image":"","pretext":"<p>Introducing the<\/p>","title":"Turbo Shopify Theme","subtitle":"<p>From Out of the Sandbox<\/p>","caption_background":false,"caption_background_transparency":false,"text_position":"center","text_align":"center","button1":"","button1_link":"","button1_highlight":false,"button2":"","button2_link":"","button2_highlight":false}},"1489283660007":{"type":"featured-text","settings":{"image":"","title":"Talk about your brand","content":"<p>Use this text to share information about your brand with your customers.<\/p>\r\n<p>Describe a product, share announcements, or welcome customers to your store.<\/p>","text_size":"featured_text","text_alignment":"center","button_label":"","button_link":""}},"1489283737905":{"type":"featured-promotions","blocks":{"1489283737905-0":{"type":"image","settings":{"image":"","link":"","title":"Feature","text":"<p>Promotion description details.<\/p>","button_label":""}},"1489283737905-1":{"type":"image","settings":{"image":"","link":"","title":"Feature","text":"<p>Promotion description details.<\/p>","button_label":""}},"1489283737905-2":{"type":"image","settings":{"image":"","link":"","title":"Feature","text":"<p>Promotion description details.<\/p>","button_label":""}},"1489283758712":{"type":"image","settings":{"image":"","link":"","title":"Feature","text":"<p>Promotion description details.<\/p>","button_label":""}}},"block_order":["1489283737905-0","1489283737905-1","1489283737905-2","1489283758712"],"settings":{"featured_promos_per_row":4,"featured_promos_grid":"full_width","featured_links_animation":"fadeInDown","feature_style":"square","promo_text_on_image_enabled":true}},"1489283919239":{"type":"featured-collection","settings":{"title":"Featured collection","collection":"","collection_style":"slider","products_per":4,"products_limit":24}},"1489284011497":{"type":"slideshow","blocks":{"1489284011497-0":{"type":"image","settings":{"image":"","pretext":"","title":"Turbo Shopify Theme","subtitle":"","text_position":"center","text_align":"center","caption_background":false,"caption_background_transparency":false,"button1":"Primary Button","button1_link":"","button1_highlight":true,"button2":"Secondary Button","button2_link":"","button2_highlight":false}},"1489284011497-1":{"type":"image","settings":{"image":"","pretext":"<p>Short text that precedes the headline<\/p>","title":"Your headline here","subtitle":"<p>This is a short subheading for your slideshow image<\/p>","text_position":"center","text_align":"center","caption_background":false,"caption_background_transparency":false,"button1":"","button1_link":"","button1_highlight":false,"button2":"","button2_link":"","button2_highlight":false}}},"block_order":["1489284011497-0","1489284011497-1"],"settings":{"slideshow_text_animation":"fadeInDown","slideshow_animation":"slide"}},"1489284503681":{"type":"image-text","blocks":{"1489284503681-0":{"type":"image","settings":{"image":"","title":"Your headline","text":"<p>Promotion description appears here.<\/p>","button_label":"View all","link":""}},"1489284503681-1":{"type":"image","settings":{"image":"","title":"Your headline","text":"<p>Promotion description appears here.<\/p>","button_label":"View all","link":""}}},"block_order":["1489284503681-0","1489284503681-1"],"settings":{"featured_links_per_row":"1","frontpage_text_align":"left"}},"1489284533457":{"type":"image-with-text-overlay","settings":{"image":"","pretext":"","title":"Your Headline","subtitle":"","caption_background":false,"caption_background_transparency":false,"text_position":"center","text_align":"center","button1":"","button1_link":"","button1_highlight":false,"button2":"","button2_link":"","button2_highlight":false}},"1489285116594":{"type":"collection-list","blocks":{"1489285116594-0":{"type":"collection","settings":{"feature_collection":"","image":""}},"1489285116594-1":{"type":"collection","settings":{"feature_collection":"","image":""}},"1489285116594-2":{"type":"collection","settings":{"feature_collection":"","image":""}},"1489285780844":{"type":"collection","settings":{"feature_collection":"","image":""}},"1489285785375":{"type":"collection","settings":{"feature_collection":"","image":""}},"1489285787858":{"type":"collection","settings":{"feature_collection":"","image":""}}},"block_order":["1489285116594-0","1489285116594-1","1489285116594-2","1489285780844","1489285785375","1489285787858"],"settings":{"title":"Collection list","frontpage_collections_per_row":3}},"1489285174583":{"type":"featured-products","blocks":{"1489285174583-0":{"type":"product","settings":{"featured_product":""}},"1489285174583-1":{"type":"product","settings":{"featured_product":""}}},"block_order":["1489285174583-0","1489285174583-1"],"settings":{"frontpage_product_stagger":true,"gallery_arrows":true,"activate_zoom":false,"activate_autoplay":false,"slideshow_animation":"slide","display_vendor":false,"frontpage_display_description":true,"product_description_position":"top"}},"1489285367207":{"type":"newsletter","settings":{"newsletter_title":"Subscribe","newsletter_text":"<p>Sign up to get the latest on sales, new releases and more &hellip;<\/p>","display_first_name":false,"display_last_name":false,"newsletter_section_text_align":"center","image":""}},"1489285418400":{"type":"featured-blog","settings":{"title":"Blog posts","blog_widget_select":"","home_page_articles":3,"blog_tags":false,"blog_author":false,"blog_date":true,"blog_comment_count":true,"read_more_link":true}},"1489285451288":{"type":"social-feeds","blocks":{"1489285451288-1":{"type":"instagram","settings":{"instagram_client_id":"","instagram_title":"Instagram","instagram_count":4}}},"block_order":["1489285451288-1"],"settings":{}},"1489285524898":{"type":"testimonial","blocks":{"1489285524898-0":{"type":"image","settings":{"image":"","enable_image":true,"darken_bg":false,"title":"Customer Testimonial","testimonial":"<p>Lorem ipsum dolor sit amet, consectetur adipiscing elit. Nullam quam enim, fringilla ut purus ut, pretium ullamcorper sem. In sit amet vestibulum tellus. Aenean gravida dolor eget mi bibendum semper. <\/p>","name":"","store_name":"","link":"","text_position":"center","text_align":"center"}},"1489285524898-1":{"type":"image","settings":{"image":"","enable_image":true,"darken_bg":false,"title":"Customer Testimonial","testimonial":"<p>Lorem ipsum dolor sit amet, consectetur adipiscing elit. Nullam quam enim, fringilla ut purus ut, pretium ullamcorper sem. In sit amet vestibulum tellus. Aenean gravida dolor eget mi bibendum semper. <\/p>","name":"","store_name":"","link":"","text_position":"center","text_align":"center"}},"1489285524898-2":{"type":"image","settings":{"image":"","enable_image":true,"darken_bg":false,"title":"Customer Testimonial","testimonial":"<p>Lorem ipsum dolor sit amet, consectetur adipiscing elit. Nullam quam enim, fringilla ut purus ut, pretium ullamcorper sem. In sit amet vestibulum tellus. Aenean gravida dolor eget mi bibendum semper. <\/p>","name":"","store_name":"","link":"","text_position":"center","text_align":"center"}}},"block_order":["1489285524898-0","1489285524898-1","1489285524898-2"],"settings":{"testimonial_text_animation":"fadeInDown"}}},"content_for_index":["1489283389016","1489283660007","1489283737905","1489283919239","1489284011497","1489284503681","1489284533457","1489285116594","1489285524898","1489285174583","1489285367207","1489285418400","1489285451288"]}},"current":{"performance":"sport","image_loading_style":"blur-up","custom_scripts":"","logo_color":"#ffffff","regular_color":"#333333","banner_color":"#ffffff","headline_color":"#333333","headline_border_color":"#aaaaaa","headline_footer_text_color":"#7f8c8d","sub_footer_text_color":"#6b6b6b","sale_color":"#ff1919","was_price_color":"#8c8b8b","product_hover_text_color":"#ffffff","promo_text_color":"#000000","shop_home_page_content_text_color":"#363636","newsletter_popup_color":"#363636","newsletter_section_color":"#000000","collection_filter_color":"#333333","top_bar_color":"#ffffff","top_bar_color_hover":"#00c1ff","nav_color":"#d2d2d2","nav_color_home":"#d9d9d9","nav_color_hover":"#ffffff","link_color":"#00c1ff","link_hover_color":"#84e1ff","sidebar_nav_color":"#363636","sidebar_nav_color_hover":"#00c1ff","sub_footer_link_color":"#7f8c8d","sub_footer_link_color_hover":"#ffffff","btn_color":"#ff6200","banner_button_color":"#ffffff","btn_hover_color":"#dadada","btn_text_color":"#ffffff","button_style":"rounded","swatch_style":"square","table_styles_enabled":true,"slideshow_arrow_size":"light","border_color":"#cccccc","sub_footer_border_color":"#1b1f23","sale_banner_color":"#f00000","new_banner_color":"#03a196","banner_style":"square","search_section_color":"#e8b7b7","search_section_bg_color":"#dedede","testimonial_color":"#ffffff","testimonial_bg_color":"#666666","featured_promotions_color":"#fff","featured_promotions_color_hover":"#fff","featured_promotions_background":"#000","featured_promotions_mobile_background":true,"modal_background_color":"#ffffff","modal_text_color":"#2b2e38","shop_bg_color":"#ffffff","custom_bg":"","repeat_bg":"repeat","bg_fixed":false,"bg_stretched":false,"top_bar_bg_color":"#1b1f23","top_bar_cart_bg_color":"#28c95b","banner_background_color":"#1e1e1e","header_bg_color":"#1b1f23","header_background":false,"transparent_header":true,"promo_bg_color":"#ffd300","shop_home_page_content_bg_color":"#f6f7f9","featured_links_background":"#ffffff","product_hover_bg_color":"#000000","sub_footer_color":"#1b1f23","footer_bg":"","footer_bg_stretched":false,"newsletter_popup_background_color":"#ffffff","newsletter_section_background_color":"#cccccc","custom_logo":"","password_page_text_color":"#ffffff","password-page-background":"","pagework_page_bg_stretched":true,"logo_font":"Google_Oswald","logo_weight":"normal","logo_font_style":"uppercase","logo_font_size":20,"top_bar_font_size":12,"top_bar_letter_spacing":1,"nav_font":"Google_Oswald","nav_weight":"normal","nav_font_style":"uppercase","nav_font_size":14,"nav_letter_spacing":1,"nav_shadow":false,"headline_font":"Google_Oswald","headline_weight":"lighter","headline_font_style":"uppercase","headline_font_text":"normal","headline_font_size":30,"headline_letter_spacing":2,"headline_border":"thin","slideshow_headline_size":56,"slideshow_headline_weight":"lighter","slideshow_subtitle_font":"Google_Roboto","slideshow_subtitle_weight":"lighter","slideshow_subtitle_font_style":"uppercase","slideshow_subtitle_font_text":"normal","slideshow_subtitle_size":18,"slideshow_subtitle_letter_spacing":1,"slideshow_shadow":false,"regular_font":"Google_Roboto","regular_weight":"normal","regular_font_style":"none","regular_font_size":15,"button_weight":"normal","button_font_style":"uppercase","button_font_size":14,"footer_logo_font_size":20,"footer_heading_font_size":18,"footer_font_size":13,"mega_menu_1":false,"mega_menu_2":false,"mega_menu_3":false,"mega_menu_4":false,"mega_menu_5":false,"search_option":"products","mobile_products_per_row":"2","pagination_type":"infinite_scroll","align_height":false,"collection_height":200,"thumbnail_hover_enabled":false,"display_vendor":false,"collection_secondary_image":false,"sale_banner_enabled":true,"collection_swatches":false,"notify_me_form":true,"product_form_style":"dropdown","display_product_quantity":true,"display_inventory_left":false,"free_price_text":"Free","size_chart":"","enable_shopify_review_comments":true,"review_position":"below_product_details","enable_shopify_collection_badges":true,"enable_shopify_product_badges":true,"quick_shop_enabled":true,"quick_shop_display_vendor":false,"quick_shop_display_savings":true,"quick_shop_zoom":false,"quick_shop_full_description":false,"description_words":25,"quick_shop_product_description_position":"top","quick_shop_gallery_arrows":true,"quick_shop_slideshow_animation":"slide","quick_shop_product_images_position":"left","quick_shop_product_thumbs":true,"quick_shop_thumbnail_position":"bottom-thumbnails","cart_action":"redirect_checkout","tos_page":"","go_to_checkout":false,"display_special_instructions":true,"display_tos_checkbox":false,"display_savings":false,"cart_message":"","show_shipping_calculator":false,"shipping_calculator_default_country":"United States","show_multiple_currencies":true,"currency_format":"money_format","supported_currencies":"USD CAD AUD GBP EUR JPY","default_currency":"USD","mailchimp_link":"","secondary_newsletter_banner":true,"newsletter_popup":false,"newsletter_popup_close":true,"newsletter_popup_mobile":false,"newsletter_popup_form":true,"display_first_name":false,"display_last_name":false,"use_newsletter_border":false,"newsletter_bg":"","newsletter_popup_image_align":"left","newsletter_popup_title":"Sign up today","newsletter_popup_text":"<p><\/p>","newsletter_popup_text_align":"center","popup_button1":"","popup_button1_link":"","popup_button1_highlight":false,"popup_button2":"","popup_button2_link":"","popup_button2_highlight":false,"newsletter_popup_seconds":0,"newsletter_popup_days":"14","twitter_link":"","facebook_link":"","google_link":"","youtube_link":"","vimeo_link":"","pinterest_link":"","tumblr_link":"","instagram_link":"","snapchat_link":"","houzz_link":"","linkedin_link":"","email_link":"","favicon":"","disqus_enabled":false,"disqus_shortname":"","checkout_header_image":"","checkout_logo_image":"","checkout_logo_position":"left","checkout_logo_size":"medium","checkout_body_background_image":"","checkout_body_background_color":"#fff","checkout_input_background_color_mode":"white","checkout_sidebar_background_image":"","checkout_sidebar_background_color":"#fafafa","checkout_heading_font":"Helvetica Neue","checkout_body_font":"Helvetica Neue","checkout_accent_color":"#00c1ff","checkout_button_color":"#ffd300","checkout_error_color":"#e1255f","featured_promos_text_color":"#ffffff","use_custom_bg_image":false,"password_page_background_color":"#000000","use_custom_footer_image":false,"use_password_bg_image":"1","use_logo":false,"logo_alignment":"center","logo_position":"center","use_logo_home":false,"use_logo_mobile":false,"logo_width":160,"promo_text":"","phone_number":"","top_bar_menu":"","main_linklist":"main-menu","main_linklist2":"","menu_position":"inline","menu_alignment":"align_left","fixed_header":true,"logo_top_padding":"15","menu_top_padding":"10","cart_icon":"cart","search_enabled":true,"collection_sidebar":false,"product_sidebar":false,"collection_top_sidebar_page":"","collection_sidebar_linklist":"","collection_sidebar_linklist2":"","filter_by_category":false,"filter_by_tag":true,"collection_sidebar_products":true,"collection_sidebar_vendors":false,"collection_sidebar_page":"","footer_logo":false,"footer_linklist_1":"footer","footer_linklist_2":"main-menu","footer_linklist_3":"","footer_content_page":"","copyright_text":"","display_designed_by":true,"display_payment_methods":true,"behind_menu":true,"position_1":"1","position_2":"12","position_3":"7","position_4":"9","position_5":"16","position_6":"15","position_7":"0","position_8":"0","position_9":"0","position_10":"0","position_11":"0","position_12":"0","position_13":"0","position_14":"0","position_15":"0","position_16":"0","position_17":"0","position_18":"0","caption_background":false,"image_1_pretext":"Introducing the","image_1_headline":"Turbo Shopify theme","image_1_subtitle":"from Out of the Sandbox","image_1_text_position":"center","image_1_text_align":"center","image_1_button1_text":"","image_1_button1_link":"","image_1_button1_highlight":false,"image_1_button2_text":"","image_1_button2_link":"","image_1_button2_highlight":false,"image_2_pretext":"","image_2_headline":"","image_2_subtitle":"","image_2_text_position":"left","image_2_text_align":"center","image_2_button1_text":"","image_2_button1_link":"","image_2_button1_highlight":false,"image_2_button2_text":"","image_2_button2_link":"","image_2_button2_highlight":false,"image_3_pretext":"","image_3_headline":"","image_3_subtitle":"","image_3_text_position":"left","image_3_text_align":"center","image_3_button1_text":"","image_3_button1_link":"","image_3_button1_highlight":false,"image_3_button2_text":"","image_3_button2_link":"","image_3_button2_highlight":false,"image_4_pretext":"","image_4_headline":"","image_4_subtitle":"","image_4_text_position":"left","image_4_text_align":"center","image_4_button1_text":"","image_4_button1_link":"","image_4_button1_highlight":false,"image_4_button2_text":"","image_4_button2_link":"","image_4_button2_highlight":false,"image_5_pretext":"","image_5_headline":"","image_5_subtitle":"","image_5_text_position":"left","image_5_text_align":"center","image_5_button1_text":"","image_5_button1_link":"","image_5_button1_highlight":false,"image_5_button2_text":"","image_5_button2_link":"","image_5_button2_highlight":false,"image_6_pretext":"","image_6_headline":"","image_6_subtitle":"","image_6_text_position":"left","image_6_text_align":"left","image_6_button1_text":"","image_6_button1_link":"","image_6_button1_highlight":false,"image_6_button2_text":"","image_6_button2_link":"","image_6_button2_highlight":false,"featured_promos_per_row":"4","featured_promos_grid":"full_width","feature_title_on_image_enabled":true,"featured_links_style":"","feature1_enabled":true,"feature1_link":"","feature1_title":"Promo 1","feature1_description":"Optional description can go here","feature1_button":"","feature2_enabled":true,"feature2_link":"http:\/\/help.outofthesandbox.com\/","feature2_title":"Promo 2","feature2_description":"Visit the Out of the Sandbox Support Center for Turbo-related articles and how-tos","feature2_button":"","feature3_enabled":true,"feature3_link":"","feature3_title":"Promo 3","feature3_description":"Publish Turbo as your main theme when you're ready to launch!","feature3_button":"","feature4_enabled":true,"feature4_link":"https:\/\/twitter.com\/outofthesandbox","feature4_title":"Promo 4","feature4_description":"Let us know when your new shop launches on Twitter","feature4_button":"","feature5_enabled":false,"feature5_link":"","feature5_title":"","feature5_description":"","feature5_button":"","feature6_enabled":false,"feature6_link":"","feature6_title":"","feature6_description":"","feature6_button":"","feature7_enabled":false,"feature7_link":"","feature7_title":"","feature7_description":"","feature7_button":"","feature8_enabled":false,"feature8_link":"","feature8_title":"","feature8_description":"","feature8_button":"","frontpage_linklist":"","frontpage_collections_per_row":"1","frontpage_text_align":"left","frontpage_collection":"frontpage","frontpage_collection_style":"slider","frontpage_products_per_row":"4","frontpage_collection2":"","frontpage_collection_style2":"grid","frontpage_products_per_row2":"4","frontpage_collection_full":"","frontpage_display_description":false,"frontpage_product_stagger":true,"homepage1":"frontpage","homepage2":"","homepage3":"","blog_widget_select":"news","home_page_articles":"4","slideshow_text_animation":"fadeIn","slideshow_text_background":false,"slidespeed":"6000","slide1_enabled":true,"slide1_alt_text":"","slide1_pretext":"A full-width slideshow","slide1_headline":"This is a big heading","slide1_subtitle":"This is a subheading where you can include more text if you wish","slide1_text_position":"right","slide1_text_align":"right","slide1_button1_text":"","slide1_button1_link":"","slide1_button1_highlight":false,"slide1_button2_text":"","slide1_button2_link":"","slide1_button2_highlight":false,"slide2_enabled":true,"slide2_alt_text":"","slide2_pretext":"","slide2_headline":"Just a banner heading here","slide2_subtitle":"","slide2_text_position":"center","slide2_text_align":"center","slide2_button1_text":"Button 1","slide2_button1_link":"","slide2_button1_highlight":true,"slide2_button2_text":"Button 2","slide2_button2_link":"","slide2_button2_highlight":false,"slide3_enabled":false,"slide3_alt_text":"","slide3_pretext":"","slide3_headline":"","slide3_subtitle":"","slide3_text_position":"left","slide3_text_align":"left","slide3_button1_text":"","slide3_button1_link":"","slide3_button1_highlight":false,"slide3_button2_text":"","slide3_button2_link":"","slide3_button2_highlight":false,"slide4_enabled":false,"slide4_alt_text":"","slide4_pretext":"","slide4_headline":"","slide4_subtitle":"","slide4_text_position":"left","slide4_text_align":"left","slide4_button1_text":"","slide4_button1_link":"","slide4_button1_highlight":false,"slide4_button2_text":"","slide4_button2_link":"","slide4_button2_highlight":false,"slide5_enabled":false,"slide5_alt_text":"","slide5_pretext":"","slide5_headline":"","slide5_subtitle":"","slide5_text_position":"left","slide5_text_align":"left","slide5_button1_text":"","slide5_button1_link":"","slide5_button1_highlight":false,"slide5_button2_text":"","slide5_button2_link":"","slide5_button2_highlight":false,"slide6_enabled":false,"slide6_alt_text":"","slide6_pretext":"","slide6_headline":"","slide6_subtitle":"","slide6_text_position":"left","slide6_text_align":"left","slide6_button1_text":"","slide6_button1_link":"","slide6_button1_highlight":false,"slide6_button2_text":"","slide6_button2_link":"","slide6_button2_highlight":false,"banner_video_source":"youtube","aspect_ratio":"16:9","banner_video_autoloop":false,"banner_video_autoplay":false,"banner_video_text":false,"video_dark_overlay":false,"banner_video_id":"eGyhA-DIYvg","banner_video_mp4":"","banner_video_ogv":"","video_pretext":"Full-width video section","video_headline":"Optional heading here","video_subtitle":"","video_text_position":"center","video_text_align":"center","video_button1_text":"Play Video","video_button1_link":"","video_button1_highlight":true,"video_button2_text":"","video_button2_link":"","video_button2_highlight":false,"twitter_widget":false,"twitter_username":"","twitter_theme":"light","tweet_count":"3","instagram_widget":false,"instagram_client_id":"","instagram_title":"Instagram","instagram_count":"4","product_breadcrumb":true,"display_tags":true,"display_type":true,"display_sku":false,"display_collections":true,"display_related_products":true,"products_per_slide":"3","gallery_arrows":true,"product_thumbs":true,"activate_zoom":true,"activate_autoplay":false,"product_images_position":"left","thumbnail_position":"left-thumbnails","product_description_position":"bottom","products_per_row":"4","pagination_limit":"24","collection_breadcrumb":true,"collection_tags":true,"collection_sort":true,"display_collection_title":true,"display_vendor_collection":false,"collection_banner_enabled":false,"display_collection_header_title":false,"contact_address":"","zoom_level":"15","contact_banner_enabled":true,"image_contact_headline":"","image_contact_subtitle":"","blog_posts_per_page":"6","blog_articles_per_row":"3","blog_breadcrumb":true,"blog_tags":true,"blog_author":true,"blog_date":true,"blog_comment_count":true,"read_more_link":true,"read_more_style":"button","blog_additional_articles":true,"sidebar_enabled":false,"blog_search":true,"blog_newsletter":true,"display_recent_articles":false,"blog_sidebar_tags":true,"blog_content_page":"","article_banner_enabled":false,"article_banner_darken":true,"blog_banner_enabled":false,"image_blog_headline":"","image_blog_subtitle":"","use_newsletter_image":true,"newsletter_img_alt_text":"","newsletter_banner":true,"use_newsletter_section_bg_image":false,"newsletter_section_text_align":"center","display_social_buttons":true,"social_icons_header":true,"social_icons_footer":true,"checkout_use_header_image":false,"checkout_logo":"","checkout_use_body_background_image":false,"checkout_use_sidebar_background_image":false,"icon_btn_color":"#969696","icon_btn_text_color":"#FFFFFF","quick_shop_color":"#000000","slideshow_arrows":"0","home_blog_slider":"0","promo_banner_global":false,"side_cart_position":"right","slideshow_subtitle_typeface_method":"google_webfonts","headline_animation":"fadeIn","share_banner_color":"#007a87","dropdown_column_links":"10","content_top_padding":"100","tab_background_color":"#ffffff","mobile_header_bg_color":"#666666","mobile_menu_color":"black","shop_use_content_bg_color":false,"shop_content_bg_color":"","shop_use_home_page_content_bg_color":true,"logo_typeface_method":"google_webfonts","logo_websafe_font":"Helvetica, Arial, sans-serif","logo_color_home":"#ffffff","headline_typeface_method":"google_webfonts","headline_websafe_font":"'HelveticaNeue-Light', 'Helvetica Neue Light', 'Helvetica Neue', Helvetica, Arial, sans-serif","nav_typeface_method":"google_webfonts","nav_websafe_font":"'Lucida Grande', 'Lucida Sans Unicode', 'Lucida Sans', Lucida, Helvetica, Arial, sans-serif","regular_typeface_method":"websafe","regular_websafe_font":"'HelveticaNeue-Light', 'Helvetica Neue Light', 'Helvetica Neue', Helvetica, Arial, sans-serif","slideshow_1_enabled":true,"homepage_arrow":true,"image_1_height":"550","image_1_alt_text":"","image_1_text_color":"#ffffff","image_1_button_text":"","image_1_link":"","slideshow_2_enabled":false,"image_2_position":"3","image_2_height":"550","image_2_alt_text":"","image_2_text_color":"#ffffff","image_2_button_text":"","image_2_link":"","slideshow_3_enabled":false,"image_3_position":"5","image_3_height":"550","image_3_alt_text":"","image_3_text_color":"#ffffff","image_3_button_text":"","image_3_link":"","slideshow_4_enabled":false,"image_4_position":"7","image_4_height":"600","image_4_alt_text":"","image_4_text_color":"#ffffff","image_4_button_text":"","image_4_link":"","slideshow_5_enabled":false,"image_5_position":"10","image_5_height":"550","image_5_alt_text":"","image_5_text_color":"#ffffff","image_5_button_text":"","image_5_link":"","slideshow_6_enabled":false,"image_6_position":"2","image_6_height":"550","image_6_alt_text":"","image_6_text_color":"#ffffff","image_6_button_text":"","image_6_link":"","content_1_position":"4","content_2_position":"6","content_3_position":"10","featured_links_position":"2","featured_links":true,"featured_links_count":"3","featured_collections_position":"15","featured_products_position":"8","featured_product_position":"9","featured_blog_position":"13","featured_social_position":"14","instagram_username":"","product_slideshow_animation":"slide","add_to_cart_text":"Add to Cart","sold_out_text":"Sold Out","related_products_title":"Related Items","inventory_left_text":"items left","homepage_sidebar":false,"collection_sidebar_vendor_text":"Vendors","tags_text":"Filter","side_cart_enabled":true,"tax_included":false,"shipping_calculator_heading":"Shipping rates calculator","shipping_calculator_submit_button_label":"Calculate shipping rates","shipping_calculator_submit_button_label_disabled":"Calculating...","constrain_logo":true,"total_text":"TOTAL","display_social_buttons_blog":true,"newsletter_enabled":true,"newsletter_description":"Sign up to get the latest on sales, new releases and more …","newsletter_success_text":"Thank you for joining our mailing list!","newsletter_system":"shopify","flickr_link":"","newsletter_popup_page":"","newsletter_popup_max_width":"600","blog_widget":"false","instagram_tag_name":"","slideshow_animation":"fade","slideshow_menu":"true","cart_return":"checkout","side_cart_button_position":"bottom","nav_active_color":"#B8C6C6","quick_shop_text":"Quick View","newsletter_text":"News & Updates","footer_link_color":"#55c0d4","footer_link_color_hover":"#fc4c02","footer_color":"#16161d","footer_text_color":"#ffffff","featured_text":"#ffffff","feature1_text":"420x265","feature2_text":"420x265","feature3_text":"420x265","featured_links_weight":"bold","social_icons_enabled":"true","headline_sub_footer_text_color":"#404040","sections":{"header":{"type":"header","settings":{"fixed_header":false,"search_enabled":true,"promo_text":"<p>Hurry, Sale on now + Grab our best deals!!!<\/p>","social_icons_header":true,"show_cart":true,"phone_number":"","top_bar_menu":"footer","cart_icon":"cart","logo":"","logo_home":"","logo_mobile":"","logo_display_width":205,"main_linklist":"","main_linklist2":"","vertical_menu":true,"logo_position":"center","logo_alignment":"center","menu_position":"block","menu_alignment":"center","logo_top_padding":20,"menu_top_padding":10}},"footer":{"type":"footer","blocks":{"footer-0":{"type":"logo","settings":{"image":"","text_align":"left","social_icons_footer":false}},"footer-1":{"type":"link_list","settings":{"menu":"footer","social_icons_footer":false}},"footer-3":{"type":"text","settings":{"title":"London Devine HQ","content":"<p>A: 11923 NE Sumner St<\/p>\n<p>P:&nbsp;503-568-1586<\/p>\n<p>STE 691243, Portland, USA<\/p>","social_icons_footer":true}}},"block_order":["footer-0","footer-1","footer-3"],"settings":{"copyright_text":"","display_designed_by":false,"display_payment_methods":true}},"1489283389016":{"type":"image-with-text-overlay","settings":{"image":"shopify:\/\/shop_images\/model-poses-at-fair.jpg","pretext":"","title":"","subtitle":"<p>where everything is affordable<\/p>","caption_background":false,"caption_background_transparency":true,"text_position":"center","text_align":"center","button1":"OUR STORY","button1_link":"","button1_highlight":false,"button2":"SHOP NOW","button2_link":"shopify:\/\/collections","button2_highlight":true}},"1489283660007":{"type":"featured-text","settings":{"image":"","title":"IN London Devine, WE BELIVE","content":"<p>No luxury items should be higher than $200, We work very hard everyday to bring all the best stuff to all the people in the world. We believe that people must have a chance to get what they want with cheapest price for the highest quality.<\/p>","text_size":"featured_text","text_alignment":"center","button_label":"READ MORE ABOUT US","button_link":"shopify:\/\/pages\/about-us"}},"1489283919239":{"type":"featured-collection","settings":{"title":"Leggings Collection","collection":"leggings-collection","collection_style":"grid","products_per":3,"products_limit":50}},"1489285367207":{"type":"newsletter","settings":{"newsletter_title":"Subscribe","newsletter_text":"<p>Sign up to get the latest on sales, new releases and more &hellip;<\/p>","display_first_name":false,"display_last_name":false,"newsletter_section_text_align":"center","image":"shopify:\/\/shop_images\/funny-blue-pool-toy.jpg"}},"list-collections-template":{"type":"list-collections-template","settings":{"collections_per_row":3,"pagination_limit":48,"display_collection_title":false,"collection_breadcrumb":true,"image":"","image_darken":false,"toggle":false}},"newsletter":{"type":"newsletter","settings":{"newsletter_title":"Subscribe","newsletter_text":"<p>Sign up to get the latest on sales, new releases and more …<\/p>","display_first_name":false,"display_last_name":false,"newsletter_section_text_align":"center","image":""}},"product-template":{"type":"product-template","settings":{"gallery_arrows":true,"activate_zoom":false,"enable_product_lightbox":true,"activate_autoplay":false,"slideshow_animation":"slide","product_images_position":"left","product_thumbs":true,"thumbnail_position":"bottom-thumbnails","product_breadcrumb":false,"display_vendor":false,"display_sku":false,"display_savings":true,"display_collections":false,"display_type":false,"display_tags":false,"display_social_buttons":true,"product_description_position":"bottom","display_related_products":true,"related_products_style":"grid","related_products_limit":4,"products_per":4,"display_recently_viewed":false,"rv_title":"Recently Viewed Items","rv_products_style":"grid","rv_max_display":4,"rv_per":4,"toggle":false}},"cart-template":{"type":"cart-template","settings":{"display_special_instructions":true,"display_tos_checkbox":false,"display_savings":true,"cart_message":""}},"collection-template":{"type":"collection-template","settings":{"products_per_row":3,"pagination_limit":48,"display_collection_title":false,"collection_breadcrumb":true,"collection_tags":false,"collection_sort":false,"featured_collection_image":false,"image":"","image_darken":false,"toggle":false}},"1509242688529":{"type":"featured-collection","settings":{"title":"Trending","collection":"trending","collection_style":"grid","products_per":3,"products_limit":48}},"1515107259212":{"type":"image-text","blocks":{"1515107259212-0":{"type":"image","settings":{"image":"shopify:\/\/shop_images\/payment_1296x_995e4277-9d69-4547-b2d6-ce9c237839be.jpg","title":"Convenient payments","text":"<p>We support the most spread and secure payments services like Visa and Mastercard. Moreover, iPhone owners can pay with Apple Pay&trade; &nbsp; &nbsp;<\/p>","button_label":"","link":""}},"1515107259212-1":{"type":"image","settings":{"image":"shopify:\/\/shop_images\/6_1080x_a6842497-8c08-4372-841d-65a7020f23fc.jpg","title":"secured shipping","text":"<p>Don't you feel fooled when pay extra money for the shipping? We take no money for delivery and provide awesome service! &nbsp;&nbsp;<\/p>","button_label":"","link":""}}},"block_order":["1515107259212-0","1515107259212-1"],"settings":{"featured_links_per_row":"1","frontpage_text_align":"left","frontpage_image_position":"left"}},"1515107543492":{"type":"slideshow","blocks":{"1515107543492-0":{"type":"image","settings":{"image":"shopify:\/\/shop_images\/long-haired-model-in-star-top.jpg","pretext":"","title":"","subtitle":"<p>the best things in life are free the second best are available here.&nbsp;<\/p>","text_position":"center","text_align":"center","caption_background":true,"caption_background_transparency":true,"button1":"","button1_link":"","button1_highlight":false,"button2":"","button2_link":"","button2_highlight":false}}},"block_order":["1515107543492-0"],"settings":{"slideshow_text_animation":"fadeInDown","slideshow_animation":"fade","slideshow_speed":6}}},"content_for_index":["1489283389016","1489283660007","1489283919239","1509242688529","1515107259212","1489285367207","1515107543492"]}}