{"current":{"menu_font_family":"Arial","description_font_family":"Arial","title_font_family":"Arial","button_font_family":"Arial","body_font_family":"Arial","color_primary":"#514f4f","color_secondary":"#bbb","color_borders":"#e5e5e5","header_bg":"#fffefd","menu_bg":"#ffffff","menu_color_primary":"#323232","menu_other_color_primary":"#1c1c1c","menu_submenu_color":"#1c1c1c","menu_submenu_color_hover":"#51c146","color_body_bg":"#ffffff","color_body_text":"#3c3c3c","home_product_bg_color":"#dddddd","color_footer_bg":"#2a2a2a","color_footer_text":"#d7d4d4","color_footer_text_heading":"#32b825","color_footer_social_link":"#dedede","color_footer_share_icon":"#d8d4d4","cart_button_bg":"#05b200","cart_button_color":"#ffffff","logo_use_image":true,"logo_max_width":"350","favicon_enable":true,"menu_font_size":20,"mobile_logo_size":"90%","header_background_mobile":"#ffffff","user_mobile_color":"#2e3638","checkout_mobile_color":"#2e3638","search_mobile_color":"#2e3638","bar_mobile_icon":"#2e3638","cartcount_mobile_color":"#ffffff","cartcount_bg_mobile_color":"#77da32","header_strip":true,"header_strip_bg":"#011000","header_strip_color":"#ffffff","header_strip_text":"LIMITED TIME - FREE SHIPPING CANADA AND USA","header_strip_text_contact":"1 888 888 8888","header_strip_text_email":"yourstore@support.com","header_strip_text_link_name":"Contact us","header_strip_text_link_url":"https:\/\/workonthis9.myshopify.com\/collections\/all","header_strip_hide_mobile":false,"header_strip_hide_right_mobile":true,"menu_primary":"main-menu","mega_menu_enable_1":true,"megamenu_1_parent":"catalog","megamenu_1_column_1_title":"Men","megamenu_1_column_1_menu":"test","megamenu_1_column_2_title":"Women","megamenu_1_column_2_menu":"test","megamenu_1_column_3_title":"Kids","megamenu_1_column_3_menu":"test","megamenu_1_column_4_title":"Accessories","megamenu_1_column_4_menu":"accessories","megamenu_1_column_5_title":"Back Pack","megamenu_1_image_1_url":"","popup_enable":false,"popup_ago_custom_time":false,"popup_disable_mobile":true,"popup_randomly_collection":"frontpage","buttom_message":"Someone purchased a","popup_message":"#242121","popup_product_title_olor":"#9f0000","upsell_popup_enable":true,"free_product":"free-product","upsell_headline_text":"Grab 2 & Get a free Keychain","yes_button_text":"YES! I WANT THIS SPECIAL OFFER","not_button_text":"No Thanks, I just want one","quantity_upsell":"2","upsell_popup_color":"#1a1a1a","upsell_headline_color":"#ffffff","button_yes_color":"#ff8806","button_no_color":"#f7f8f7","slideshowSpeed":"2000","animationSpeed":"800","slider_enable1":true,"slider_link1":"https:\/\/workonthis9.myshopify.com\/collections\/all","slider_enable2":true,"slider_link2":"https:\/\/workonthis9.myshopify.com\/collections\/all","slider_enable3":false,"slider_link3":"","slider_enable4":false,"slider_link4":"","featured_coll_enb":true,"feature_collection_title":"Top categories","home_featured_collections_sort":"manual","collection_1":"best-selling-products","collection_2":"best-selling-products","collection_3":"feature","collection_4":"newest-products","collection_5":"best-selling-products","collection_6":"","home_featured_row1_enable":true,"home_featured_row1":"frontpage","home_featured_row1_number":"1","home_featured_row2_enable":false,"home_featured_row2":"","home_featured_row2_number":"1","home_featured_row3_enable":false,"home_featured_row3":"frontpage","home_featured_row3_number":"1","home_featured_row4_enable":false,"home_featured_row4":"frontpage","home_featured_row4_number":"1","home_products":"frontpage","home_feature_title":"Best seller","product_disposition_style":"product_disposition_style_five","productsale":"Sale","productsoldout":"Out sale","sale_button_option":"sale_button_option_four","sale_button_option_one_color":"#03de79","sale_button_option__text_one_color":"#f1f1f1","buy_button_color":"#010902","buy_button_text_color":"#ffffff","comparePriceColor":"#aa0303","video_title_color":"#0aa106","enable_video_1":true,"video_title_1":"What is Lorem Ipsum?","video_link_1":"<iframe src=\"https:\/\/player.vimeo.com\/video\/195433452?color=0AA106&title=0&byline=0&portrait=0\" width=\"640\" height=\"360\" frameborder=\"0\" webkitallowfullscreen mozallowfullscreen allowfullscreen><\/iframe>","video_text_1":"Lorem Ipsum is simply dummy text of the printing and typesetting industry. Lorem Ipsum has been the industry's standard dummy text ever since the 1500s, when an unknown printer took a galley of type and scrambled it to make a type specimen book. It has survived not only five centuries, but also the leap into electronic typesetting, remaining essentially unchanged. It was popularised in the 1960s with the release of Letraset sheets containing Lorem Ipsum passages, and more recently with desktop publishing software like Aldus PageMaker including versions of Lorem Ipsum.","enable_video_2":true,"video_title_2":"Why do we use it?","video_link_2":"<iframe src=\"https:\/\/player.vimeo.com\/video\/193358188?color=0aa106&title=0&byline=0&portrait=0\" width=\"640\" height=\"360\" frameborder=\"0\" webkitallowfullscreen mozallowfullscreen allowfullscreen><\/iframe>","video_text_2":"It is a long established fact that a reader will be distracted by the readable content of a page when looking at its layout. The point of using Lorem Ipsum is that it has a more-or-less normal distribution of letters, as opposed to using 'Content here, content here', making it look like readable English. Many desktop publishing packages and web page editors now use Lorem Ipsum as their default model text, and a search for 'lorem ipsum' will uncover many web sites still in their infancy. Various versions have evolved over the years, sometimes by accident, sometimes on purpose (injected humour and the like).","enable_product_progressbar":true,"enable_progressbar_text":true,"enable_progressbar_text_value":"Sale Ends Once The timer Hits Zero!","ProgressBar_bg_color":"#ea2020","ProgressBar_timer_bg_color":"#07b934","add_to_cart_bg_color":"#06be35","add_to_cart_bg_color_zero":"#ded200","enable_product_cart_skip":false,"add_to_cart_button_text":"BUY IT NOW !","add_to_cart_button_text_zero_price":"Get It For Free+Shipping","counter_visitor_bg":"#ff0b0b","counter_visitor_color":"#fffcfc","visitor_counter_text_before":"Real time","visitor_counter_text_after":"Visitor right now","visitor_counter_enable":true,"enable_image_zoom":true,"enable_image_carousel":true,"display_quantity_dropdown":true,"show_saved_amount":true,"show_compare_price":true,"show_related_products":true,"product_description":true,"enable_read_more":true,"move_product_desc":"move_product_desc_timer","variant_on_mobile":true,"social_sharing_products":true,"social_sharing_count":false,"social_sharing_style":"","share_facebook":true,"share_twitter":true,"share_pinterest":true,"share_fancy":true,"share_google":true,"enable_timer_stg_on":"enable_timer_stg_on","enable_timer_stg":"enable_timer_stg_2","enable_timer_top_message":true,"enable_timer_stg_custom":60,"timer_top_message_value_before":"HURRY! ONLY","product_left_type":"product_left_random","timer_top_message_value_num":50,"timer_top_message_value_after":"LEFT IN STOCK!","enable_timer_model":"timer_model1","footer_above_enable":true,"footer_above_header1":"Always Free Shipping USA","footer_above_text1":"Not applicable on free item","footer_above_header2":"Please Call For Bulk Orders..","footer_above_text2":"On orders of 10 or more please call us at Free","footer-0-content":"Call us at Call Us at (333) 123 456","footer-0-content_email":"yourstore@support.com","footer-4-heading":"ABOUT MY SHOP","footer-4-content":"This is a description about your shop. You can change it in the theme settings.","footer_2_heading":"MENU","footer":"main-menu","footer_newsletter_enable":true,"newletterbtncolor":"#383838","newsletter_form_action":"","footer_logo_enable":true,"footer_show_methods_of_payment":"true","pay_visa":true,"pay_master":true,"pay_american_express":true,"pay_paypal":true,"pay_diners_club":"true","pay_discover":"true","buttom-footer-4-heading":"Shopify Booster","buttom-footer-4-heading_link":"http:\/\/www.shopifybooster.com\/","buttom-footer-4-content":"Powered by Shopify","buttom-footer-4-content_link":"http:\/\/www.shopify.com\/","cart_notes_enable":false,"cart_vendor_enable":false,"ajax_cart_method":"page","cart_enable":true,"cart_title":"Cart will expire in","cart_timer_minute":1200,"cart_timer_color":"#ff0000","cart_left_title":"We Gladly Accept","cart_right_title":"Secure Shopping","twittercard_handle":"","footer_social_enable":true,"social_twitter_link":"https:\/\/twitter.com\/shopify","social_facebook_link":"https:\/\/www.facebook.com\/shopify","social_youtube_link":"https:\/\/www.youtube.com\/shopify","social_instagram_link":"https:\/\/www.instagram.com\/shopify","social_pinterest_link":"https:\/\/www.pinterest.com\/shopify","checkout_header_image":"","checkout_use_storefront_logo":false,"checkout_logo_image":"","checkout_logo_position":"left","checkout_logo_size":"large","checkout_body_background_image":"","checkout_body_background_color":"#fff","checkout_input_background_color_mode":"white","checkout_sidebar_background_image":"","checkout_sidebar_background_color":"#fafafa","checkout_heading_font":"Helvetica Neue","checkout_body_font":"Helvetica Neue","checkout_accent_color":"#1990C6","checkout_button_color":"#1990C6","checkout_error_color":"#ff6d6d","header_strip_hide__right_mobile":true,"mega_menu_enable1":false,"megamenu_1_column_6_title":"product demo 2","megamenu_1_image_2_url":"","footer_3_heading":"SUPPORT","footer-1":"","footer_4_heading":"Privacy Policy","footer-2":"","checkout_use_header_image":false,"checkout_logo":"checkout_logo.png","checkout_use_body_background_image":false,"checkout_use_sidebar_background_image":false,"visitor_counter_text_left":"Real Time :","visitor_counter_text_right":"Visitors right now","product_every_interval_time":"5","new_product_every_interval_time":"5","button_text_no":"","button_no_text":"No Thanks, I just want one","enable_timer":"enable_timer2","timer_tag1":"Timer_1","timer_text1":"11","timer_1":"'09\/08\/2016 23:30:00'","timer_progress_1":"\"70%\"","timer_progress_color1":"#0aab19","timer_tag2":"Timer_2","timer_text2":"6","timer_2":"'04\/21\/2016 23:30:00'","timer_progress_2":"\"50%\"","timer_progress_color2":"#636363","timer_tag3":"","timer_text3":"","timer_3":"","timer_progress_3":"","timer_progress_color3":"#636363","timer_tag4":"","timer_text4":"","timer_4":"","timer_progress_4":"","timer_progress_color4":"#636363","timer_tag5":"","timer_text5":"","timer_5":"","timer_progress_5":"","timer_progress_color5":"#636363","timer_tag6":"","timer_text6":"","timer_6":"","timer_progress_6":"","timer_progress_color6":"#636363","timer_tag7":"","timer_text7":"","timer_7":"","timer_progress_7":"","timer_progress_color7":"#636363","timer_tag8":"","timer_text8":"","timer_8":"","timer_progress_8":"","timer_progress_color8":"#636363","timer_tag9":"","timer_text9":"","timer_9":"","timer_progress_9":"","timer_progress_color9":"#636363","timer_tag10":"","timer_text10":"","timer_10":"","timer_progress_10":"","timer_progress_color10":"#636363","def_timer_text1":"10","def_timer_1":"'04\/29\/2016 23:30:00'","def_timer_progress_1":"\"50%\"","timer_top_message_value":10,"timer_top_message_valuebefore":"HURRY! ONLY","timer_top_message_valueafter":"LEFT!","btn_bg_color":"#e65555","Slider1_caps1_enable":false,"Slider1_caps1":"CREATE URGENCY & SCARCITY","Slider1_para1":"","Slider1_btn1_enable":true,"Slider1_btn1":"Start","Slider1_btn1_url":"","Slider1_btn2_enable":false,"Slider1_btn2":"Learn More","Slider1_btn2_url":"","Slider2_caps1_enable":false,"Slider2_caps1":"CREATE URGENCY & SCARCITY","Slider2_para1":"","Slider2_btn1_enable":true,"Slider2_btn1":"Start","Slider2_btn1_url":"","Slider2_btn2_enable":true,"Slider2_btn2":"Learn More","Slider2_btn2_url":"","Slider3_caps1_enable":false,"Slider3_caps1":"Slider Title  #3","Slider3_para1":"Lorem ipsum dolor sit amet, consectetur adipisicing elit. In consequatur cumque natus!","Slider3_btn1_enable":false,"Slider3_btn1":"Start","Slider3_btn1_url":"","Slider3_btn2_enable":false,"Slider3_btn2":"Learn More","Slider3_btn2_url":"","Slider4_caps1_enable":false,"Slider4_caps1":"Slider Title  #4","Slider4_para1":"Lorem ipsum dolor sit amet, consectetur adipisicing elit. In consequatur cumque natus!","Slider4_btn1_enable":false,"Slider4_btn1":"Start","Slider4_btn1_url":"","Slider4_btn2_enable":false,"Slider4_btn2":"Learn More","Slider4_btn2_url":"","footer_bg_color":"#de4141","content_for_index":[]},"presets":{"Default":{"ajax_cart_method":"drawer","cart_notes_enable":true,"color_body_bg":"#fff","color_body_text":"#333333","color_borders":"#e5e5e5","color_footer_bg":"#f2f2f2","color_footer_social_link":"#bbbbbb","color_footer_text":"#636363","color_primary":"#747474","color_secondary":"#bbb","favicon_enable":false,"footer_newsletter_enable":true,"footer_social_enable":true,"logo_use_image":false,"social_facebook_link":"","social_twitter_link":""}}}